Workbook

Sheet BRD
A3: STT | B3: Nội dung | C3: Ghi chú
A4: Bước 1 | B4: Thu thập số dư phát sinh trong ngày làm việc của từng đối tác trong 03 tháng gần nhất (bao gồm tháng báo cáo và 02 tháng gần nhất liền trước tháng báo cáo)
A5: Bước 2 | B5: Xác định Tỷ trọng đối tác giao dịch cho từng ngày làm việc trong 03 tháng gần nhất theo công thức Lưu ý: Trường hợp mẫu số tại bất kỳ tỷ trọng quy định tại Điểm a), b), c) Bước này bằng 0 thì tỷ trọng đó sẽ bằng 0%.
A6: Bước 3 | B6: Tỷ trọng đối tác giao dịch được xác định bằng trung bình số học tỷ trọng đối tác giao dịch của tất cả các ngày làm việc trong 03 tháng gần nhất (bao gồm tháng báo cáo và 02 tháng gần nhất liền trước tháng báo cáo). | C6: Trung bình số học của các tỷ trọng được tính ở Bước 2
A7: Bước 4 | B7: So sánh Tỷ trọng đối tác giao dịch với hạn mức RRTTr TD theo đối tác giao dịch được ban hành trong từng thời kỳ

Sheet Hạn mức RRTTr TD
A1: Tên khách hàng | B1: Ngày 02/01/2025 | C1: Ngày 03/01/2025 | D1: Ngày 06/01/2025 | E1: Ngày 07/01/2025 | F1: Ngày 08/01/2025 | G1: Ngày 09/01/2025 | H1: Ngày 10/01/2025 | I1: Ngày 13/01/2025 | J1: Ngày 14/01/2025 | K1: Ngày 15/01/2025 | L1: Ngày 16/01/2025 | M1: Ngày 17/01/2025 | N1: Ngày 20/01/2025 | O1: Ngày 21/01/2025 | P1: Ngày 22/01/2025 | Q1: Ngày 23/01/2025 | R1: Ngày 24/01/2025 | S1: Ngày 03/02/2025 | T1: Ngày 04/02/2025 | U1: Ngày 05/02/2025 | V1: Ngày 07/02/2025 | W1: Ngày 10/02/2025 | X1: Ngày 11/02/2025 | Y1: Ngày 12/02/2025 | Z1: Ngày 13/02/2025 | AA1: Ngày 14/02/2025 | AB1: Ngày 17/02/2025 | AC1: Ngày 18/02/2025 | AD1: Ngày 19/02/2025 | AE1: Ngày 20/02/2025 | AF1: Ngày 21/02/2025 | AG1: Ngày 24/02/2025 | AH1: Ngày 25/02/2025 | AI1: Ngày 26/02/2025 | AJ1: Ngày 27/02/2025 | AK1: Ngày 28/02/2025 | AL1: Ngày 03/03/2025 | AM1: Ngày 04/03/2025 | AN1: Ngày 05/03/2025 | AO1: Ngày 06/03/2025 | AP1: Ngày 07/03/2025 | AQ1: Ngày 10/03/2025 | AR1: Ngày 11/03/2025 | AS1: Ngày 12/03/2025 | AT1: Ngày 13/03/2025 | AU1: Ngày 14/03/2025 | AV1: Ngày 17/03/2025 | AW1: Ngày 18/03/2025 | AX1: Ngày 19/03/2025 | AY1: Ngày 20/03/2025 | AZ1: Ngày 21/03/2025 | BA1: Ngày 24/03/2025 | BB1: Ngày 25/03/2025 | BC1: Ngày 26/03/2025 | BD1: Ngày 27/03/2025 | BE1: Ngày 28/03/2025 | BF1: Ngày 31/03/2025 | BG1: Ngày 01/04/2025 | BH1: Ngày 02/04/2025 | BI1: Ngày 03/04/2025 | BJ1: Ngày 04/04/2025 | BK1: Ngày 08/04/2025 | BL1: Ngày 09/04/2025 | BM1: Ngày 10/04/2025 | BN1: Ngày 11/04/2025 | BO1: Ngày 14/04/2025 | BP1: Ngày 15/04/2025 | BQ1: Ngày 16/04/2025 | BR1: Ngày Báo cáo T - 1
A3: NH NN&PTNT VN (Agribank) | B3: =SUM('Tỷ lệ'!B3:BL3)/COUNT('Tỷ lệ'!B3:BL3) -> 0 | C3: =SUM('Tỷ lệ'!B3:BM3)/COUNT('Tỷ lệ'!B3:BM3) -> 0 | D3: =SUM('Tỷ lệ'!B3:BN3)/COUNT('Tỷ lệ'!B3:BN3) -> 0 | E3: =SUM('Tỷ lệ'!B3:BO3)/COUNT('Tỷ lệ'!B3:BO3) -> 0 | F3: =SUM('Tỷ lệ'!B3:BP3)/COUNT('Tỷ lệ'!B3:BP3) -> 0 | G3: =SUM('Tỷ lệ'!B3:BQ3)/COUNT('Tỷ lệ'!B3:BQ3) -> 0 | H3: =SUM('Tỷ lệ'!B3:BR3)/COUNT('Tỷ lệ'!B3:BR3) -> 0 | I3: =SUM('Tỷ lệ'!B3:BS3)/COUNT('Tỷ lệ'!B3:BS3) -> 0 | J3: =SUM('Tỷ lệ'!B3:BT3)/COUNT('Tỷ lệ'!B3:BT3) -> 0 | K3: =SUM('Tỷ lệ'!B3:BU3)/COUNT('Tỷ lệ'!B3:BU3) -> 0 | L3: =SUM('Tỷ lệ'!B3:BV3)/COUNT('Tỷ lệ'!B3:BV3) -> 0 | M3: =SUM('Tỷ lệ'!B3:BW3)/COUNT('Tỷ lệ'!B3:BW3) -> 0 | N3: =SUM('Tỷ lệ'!B3:BX3)/COUNT('Tỷ lệ'!B3:BX3) -> 0 | O3: =SUM('Tỷ lệ'!B3:BY3)/COUNT('Tỷ lệ'!B3:BY3) -> 0 | P3: =SUM('Tỷ lệ'!B3:BZ3)/COUNT('Tỷ lệ'!B3:BZ3) -> 0 | Q3: =SUM('Tỷ lệ'!B3:CA3)/COUNT('Tỷ lệ'!B3:CA3) -> 0 | R3: =SUM('Tỷ lệ'!B3:CB3)/COUNT('Tỷ lệ'!B3:CB3) -> 0 | S3: 0 | T3: 0 | U3: 0 | V3: 0 | W3: 0 | X3: 0 | Y3: 0 | Z3: 0 | AA3: 0 | AB3: 0 | AC3: 0 | AD3: 0 | AE3: 0 | AF3: 0 | AG3: 0 | AH3: 0 | AI3: 0 | AJ3: 0 | AK3: 0 | AL3: =SUM('Tỷ lệ'!B3:AK3)/COUNT('Tỷ lệ'!B3:AK3) -> 0 | AM3: 0 | AN3: 0 | AO3: =SUM('Tỷ lệ'!$BK$3:CX3)/COUNT('Tỷ lệ'!$BK$3:CX3) -> 0 | AP3: =SUM('Tỷ lệ'!$BK$3:CY3)/COUNT('Tỷ lệ'!$BK$3:CY3) -> 0 | AQ3: =SUM('Tỷ lệ'!$BK$3:CZ3)/COUNT('Tỷ lệ'!$BK$3:CZ3) -> 0 | AR3: =SUM('Tỷ lệ'!$BK$3:DA3)/COUNT('Tỷ lệ'!$BK$3:DA3) -> 0 | AS3: =SUM('Tỷ lệ'!$BK$3:DB3)/COUNT('Tỷ lệ'!$BK$3:DB3) -> 0 | AT3: =SUM('Tỷ lệ'!$BK$3:DC3)/COUNT('Tỷ lệ'!$BK$3:DC3) -> 0 | AU3: =SUM('Tỷ lệ'!$BK$3:DD3)/COUNT('Tỷ lệ'!$BK$3:DD3) -> 0 | AV3: =SUM('Tỷ lệ'!$BK$3:DE3)/COUNT('Tỷ lệ'!$BK$3:DE3) -> 0 | ... BF3: =SUM('Tỷ lệ'!$BK$3:DO3)/COUNT('Tỷ lệ'!$BK$3:DO3) -> 0 | BG3: 0 | BH3: 0 | BI3: 0 | BJ3: 0 | BK3: 0 | BL3: 0 | BM3: 0 | BN3: 0 | BO3: 0 | BP3: 0 | BQ3: 0 | BR3: - Trung bình cộng của 2 tháng trước tháng báo cáo và các ngày trong tháng báo cáo sau khi tính tỷ lệ giao dịch của từng đối tác tại Sheet "Tỷ lệ" ' =SUM('Tỷ lệ'!$BK$3:DM3) (Tổng tỷ lệ giao dịch của từng đối tác) /COUNT('Tỷ lệ'!$BK$3:DM3) (Số ngày tính trung bình của từng đối tác)
A4: NH TMCP An Bình (ABB) | B4: =SUM('Tỷ lệ'!B4:BL4)/COUNT('Tỷ lệ'!B4:BL4) -> 0 | C4: =SUM('Tỷ lệ'!B4:BM4)/COUNT('Tỷ lệ'!B4:BM4) -> 0 | D4: =SUM('Tỷ lệ'!B4:BN4)/COUNT('Tỷ lệ'!B4:BN4) -> 0 | E4: =SUM('Tỷ lệ'!B4:BO4)/COUNT('Tỷ lệ'!B4:BO4) -> 0 | F4: =SUM('Tỷ lệ'!B4:BP4)/COUNT('Tỷ lệ'!B4:BP4) -> 0 | G4: =SUM('Tỷ lệ'!B4:BQ4)/COUNT('Tỷ lệ'!B4:BQ4) -> 0 | H4: =SUM('Tỷ lệ'!B4:BR4)/COUNT('Tỷ lệ'!B4:BR4) -> 0 | I4: =SUM('Tỷ lệ'!B4:BS4)/COUNT('Tỷ lệ'!B4:BS4) -> 0 | J4: =SUM('Tỷ lệ'!B4:BT4)/COUNT('Tỷ lệ'!B4:BT4) -> 0 | K4: =SUM('Tỷ lệ'!B4:BU4)/COUNT('Tỷ lệ'!B4:BU4) -> 0 | L4: =SUM('Tỷ lệ'!B4:BV4)/COUNT('Tỷ lệ'!B4:BV4) -> 0 | M4: =SUM('Tỷ lệ'!B4:BW4)/COUNT('Tỷ lệ'!B4:BW4) -> 0 | N4: =SUM('Tỷ lệ'!B4:BX4)/COUNT('Tỷ lệ'!B4:BX4) -> 0 | O4: =SUM('Tỷ lệ'!B4:BY4)/COUNT('Tỷ lệ'!B4:BY4) -> 0 | P4: =SUM('Tỷ lệ'!B4:BZ4)/COUNT('Tỷ lệ'!B4:BZ4) -> 0 | Q4: =SUM('Tỷ lệ'!B4:CA4)/COUNT('Tỷ lệ'!B4:CA4) -> 0 | R4: =SUM('Tỷ lệ'!B4:CB4)/COUNT('Tỷ lệ'!B4:CB4) -> 0 | S4: 0 | T4: 0 | U4: 0 | V4: 0 | W4: 0 | X4: 0 | Y4: 0 | Z4: 0 | AA4: 0 | AB4: 0 | AC4: 0 | AD4: 0 | AE4: 0 | AF4: 0 | AG4: 0 | AH4: 0 | AI4: 0 | AJ4: 0 | AK4: 0 | AL4: =SUM('Tỷ lệ'!B4:AK4)/COUNT('Tỷ lệ'!B4:AK4) -> 0 | AM4: 0 | AN4: 0 | AO4: =SUM('Tỷ lệ'!$BK$3:CX4)/COUNT('Tỷ lệ'!$BK$3:CX4) -> 0 | AP4: =SUM('Tỷ lệ'!$BK$3:CY4)/COUNT('Tỷ lệ'!$BK$3:CY4) -> 0 | AQ4: =SUM('Tỷ lệ'!$BK$3:CZ4)/COUNT('Tỷ lệ'!$BK$3:CZ4) -> 0 | AR4: =SUM('Tỷ lệ'!$BK$3:DA4)/COUNT('Tỷ lệ'!$BK$3:DA4) -> 0 | AS4: =SUM('Tỷ lệ'!$BK$3:DB4)/COUNT('Tỷ lệ'!$BK$3:DB4) -> 0 | AT4: =SUM('Tỷ lệ'!$BK$3:DC4)/COUNT('Tỷ lệ'!$BK$3:DC4) -> 0 | AU4: =SUM('Tỷ lệ'!$BK$3:DD4)/COUNT('Tỷ lệ'!$BK$3:DD4) -> 0 | AV4: =SUM('Tỷ lệ'!$BK$3:DE4)/COUNT('Tỷ lệ'!$BK$3:DE4) -> 0 | ... BF4: =SUM('Tỷ lệ'!$BK$3:DO4)/COUNT('Tỷ lệ'!$BK$3:DO4) -> 0 | BG4: 0 | BH4: 0 | BI4: 0 | BJ4: 0 | BK4: 0 | BL4: 0 | BM4: 0 | BN4: 0 | BO4: 0 | BP4: 0 | BQ4: 0
A5: NH TMCP Bắc Á | B5: =SUM('Tỷ lệ'!B5:BL5)/COUNT('Tỷ lệ'!B5:BL5) -> 0 | C5: =SUM('Tỷ lệ'!B5:BM5)/COUNT('Tỷ lệ'!B5:BM5) -> 0 | D5: =SUM('Tỷ lệ'!B5:BN5)/COUNT('Tỷ lệ'!B5:BN5) -> 0 | E5: =SUM('Tỷ lệ'!B5:BO5)/COUNT('Tỷ lệ'!B5:BO5) -> 0 | F5: =SUM('Tỷ lệ'!B5:BP5)/COUNT('Tỷ lệ'!B5:BP5) -> 0 | G5: =SUM('Tỷ lệ'!B5:BQ5)/COUNT('Tỷ lệ'!B5:BQ5) -> 0 | H5: =SUM('Tỷ lệ'!B5:BR5)/COUNT('Tỷ lệ'!B5:BR5) -> 0 | I5: =SUM('Tỷ lệ'!B5:BS5)/COUNT('Tỷ lệ'!B5:BS5) -> 0 | J5: =SUM('Tỷ lệ'!B5:BT5)/COUNT('Tỷ lệ'!B5:BT5) -> 0 | K5: =SUM('Tỷ lệ'!B5:BU5)/COUNT('Tỷ lệ'!B5:BU5) -> 0 | L5: =SUM('Tỷ lệ'!B5:BV5)/COUNT('Tỷ lệ'!B5:BV5) -> 0 | M5: =SUM('Tỷ lệ'!B5:BW5)/COUNT('Tỷ lệ'!B5:BW5) -> 0 | N5: =SUM('Tỷ lệ'!B5:BX5)/COUNT('Tỷ lệ'!B5:BX5) -> 0 | O5: =SUM('Tỷ lệ'!B5:BY5)/COUNT('Tỷ lệ'!B5:BY5) -> 0 | P5: =SUM('Tỷ lệ'!B5:BZ5)/COUNT('Tỷ lệ'!B5:BZ5) -> 0 | Q5: =SUM('Tỷ lệ'!B5:CA5)/COUNT('Tỷ lệ'!B5:CA5) -> 0 | R5: =SUM('Tỷ lệ'!B5:CB5)/COUNT('Tỷ lệ'!B5:CB5) -> 0 | S5: 0 | T5: 0 | U5: 0 | V5: 0 | W5: 0 | X5: 0 | Y5: 0 | Z5: 0 | AA5: 0 | AB5: 0 | AC5: 0 | AD5: 0 | AE5: 0 | AF5: 0 | AG5: 0 | AH5: 0 | AI5: 0 | AJ5: 0 | AK5: 0 | AL5: =SUM('Tỷ lệ'!B5:AK5)/COUNT('Tỷ lệ'!B5:AK5) -> 0 | AM5: 0 | AN5: 0 | AO5: =SUM('Tỷ lệ'!$BK$3:CX5)/COUNT('Tỷ lệ'!$BK$3:CX5) -> 0 | AP5: =SUM('Tỷ lệ'!$BK$3:CY5)/COUNT('Tỷ lệ'!$BK$3:CY5) -> 0 | AQ5: =SUM('Tỷ lệ'!$BK$3:CZ5)/COUNT('Tỷ lệ'!$BK$3:CZ5) -> 0 | AR5: =SUM('Tỷ lệ'!$BK$3:DA5)/COUNT('Tỷ lệ'!$BK$3:DA5) -> 0 | AS5: =SUM('Tỷ lệ'!$BK$3:DB5)/COUNT('Tỷ lệ'!$BK$3:DB5) -> 0 | AT5: =SUM('Tỷ lệ'!$BK$3:DC5)/COUNT('Tỷ lệ'!$BK$3:DC5) -> 0 | AU5: =SUM('Tỷ lệ'!$BK$3:DD5)/COUNT('Tỷ lệ'!$BK$3:DD5) -> 0 | AV5: =SUM('Tỷ lệ'!$BK$3:DE5)/COUNT('Tỷ lệ'!$BK$3:DE5) -> 0 | ... BF5: =SUM('Tỷ lệ'!$BK$3:DO5)/COUNT('Tỷ lệ'!$BK$3:DO5) -> 0 | BG5: 0 | BH5: 0 | BI5: 0 | BJ5: 0 | BK5: 0 | BL5: 0 | BM5: 0 | BN5: 0 | BO5: 0 | BP5: 0 | BQ5: 0
A6: NH TMCP Bản Việt | B6: =SUM('Tỷ lệ'!B6:BL6)/COUNT('Tỷ lệ'!B6:BL6) -> 0 | C6: =SUM('Tỷ lệ'!B6:BM6)/COUNT('Tỷ lệ'!B6:BM6) -> 0 | D6: =SUM('Tỷ lệ'!B6:BN6)/COUNT('Tỷ lệ'!B6:BN6) -> 0 | E6: =SUM('Tỷ lệ'!B6:BO6)/COUNT('Tỷ lệ'!B6:BO6) -> 0 | F6: =SUM('Tỷ lệ'!B6:BP6)/COUNT('Tỷ lệ'!B6:BP6) -> 0 | G6: =SUM('Tỷ lệ'!B6:BQ6)/COUNT('Tỷ lệ'!B6:BQ6) -> 0 | H6: =SUM('Tỷ lệ'!B6:BR6)/COUNT('Tỷ lệ'!B6:BR6) -> 0 | I6: =SUM('Tỷ lệ'!B6:BS6)/COUNT('Tỷ lệ'!B6:BS6) -> 0 | J6: =SUM('Tỷ lệ'!B6:BT6)/COUNT('Tỷ lệ'!B6:BT6) -> 0 | K6: =SUM('Tỷ lệ'!B6:BU6)/COUNT('Tỷ lệ'!B6:BU6) -> 0 | L6: =SUM('Tỷ lệ'!B6:BV6)/COUNT('Tỷ lệ'!B6:BV6) -> 0 | M6: =SUM('Tỷ lệ'!B6:BW6)/COUNT('Tỷ lệ'!B6:BW6) -> 0 | N6: =SUM('Tỷ lệ'!B6:BX6)/COUNT('Tỷ lệ'!B6:BX6) -> 0 | O6: =SUM('Tỷ lệ'!B6:BY6)/COUNT('Tỷ lệ'!B6:BY6) -> 0 | P6: =SUM('Tỷ lệ'!B6:BZ6)/COUNT('Tỷ lệ'!B6:BZ6) -> 0 | Q6: =SUM('Tỷ lệ'!B6:CA6)/COUNT('Tỷ lệ'!B6:CA6) -> 0 | R6: =SUM('Tỷ lệ'!B6:CB6)/COUNT('Tỷ lệ'!B6:CB6) -> 0 | S6: 0 | T6: 0 | U6: 0 | V6: 0 | W6: 0 | X6: 0 | Y6: 0 | Z6: 0 | AA6: 0 | AB6: 0 | AC6: 0 | AD6: 0 | AE6: 0 | AF6: 0 | AG6: 0 | AH6: 0 | AI6: 0 | AJ6: 0 | AK6: 0 | AL6: =SUM('Tỷ lệ'!B6:AK6)/COUNT('Tỷ lệ'!B6:AK6) -> 0 | AM6: 0 | AN6: 0 | AO6: =SUM('Tỷ lệ'!$BK$3:CX6)/COUNT('Tỷ lệ'!$BK$3:CX6) -> 0 | AP6: =SUM('Tỷ lệ'!$BK$3:CY6)/COUNT('Tỷ lệ'!$BK$3:CY6) -> 0 | AQ6: =SUM('Tỷ lệ'!$BK$3:CZ6)/COUNT('Tỷ lệ'!$BK$3:CZ6) -> 0 | AR6: =SUM('Tỷ lệ'!$BK$3:DA6)/COUNT('Tỷ lệ'!$BK$3:DA6) -> 0 | AS6: =SUM('Tỷ lệ'!$BK$3:DB6)/COUNT('Tỷ lệ'!$BK$3:DB6) -> 0 | AT6: =SUM('Tỷ lệ'!$BK$3:DC6)/COUNT('Tỷ lệ'!$BK$3:DC6) -> 0 | AU6: =SUM('Tỷ lệ'!$BK$3:DD6)/COUNT('Tỷ lệ'!$BK$3:DD6) -> 0 | AV6: =SUM('Tỷ lệ'!$BK$3:DE6)/COUNT('Tỷ lệ'!$BK$3:DE6) -> 0 | ... BF6: =SUM('Tỷ lệ'!$BK$3:DO6)/COUNT('Tỷ lệ'!$BK$3:DO6) -> 0 | BG6: 0 | BH6: 0 | BI6: 0 | BJ6: 0 | BK6: 0 | BL6: 0 | BM6: 0 | BN6: 0 | BO6: 0 | BP6: 0 | BQ6: 0
A7: NH TMCP Đầu tư và Phát triển VN (BIDV) | B7: =SUM('Tỷ lệ'!B7:BL7)/COUNT('Tỷ lệ'!B7:BL7) -> 0 | C7: =SUM('Tỷ lệ'!B7:BM7)/COUNT('Tỷ lệ'!B7:BM7) -> 0 | D7: =SUM('Tỷ lệ'!B7:BN7)/COUNT('Tỷ lệ'!B7:BN7) -> 0 | E7: =SUM('Tỷ lệ'!B7:BO7)/COUNT('Tỷ lệ'!B7:BO7) -> 0 | F7: =SUM('Tỷ lệ'!B7:BP7)/COUNT('Tỷ lệ'!B7:BP7) -> 0 | G7: =SUM('Tỷ lệ'!B7:BQ7)/COUNT('Tỷ lệ'!B7:BQ7) -> 0 | H7: =SUM('Tỷ lệ'!B7:BR7)/COUNT('Tỷ lệ'!B7:BR7) -> 0 | I7: =SUM('Tỷ lệ'!B7:BS7)/COUNT('Tỷ lệ'!B7:BS7) -> 0 | J7: =SUM('Tỷ lệ'!B7:BT7)/COUNT('Tỷ lệ'!B7:BT7) -> 0 | K7: =SUM('Tỷ lệ'!B7:BU7)/COUNT('Tỷ lệ'!B7:BU7) -> 0 | L7: =SUM('Tỷ lệ'!B7:BV7)/COUNT('Tỷ lệ'!B7:BV7) -> 0 | M7: =SUM('Tỷ lệ'!B7:BW7)/COUNT('Tỷ lệ'!B7:BW7) -> 0 | N7: =SUM('Tỷ lệ'!B7:BX7)/COUNT('Tỷ lệ'!B7:BX7) -> 0 | O7: =SUM('Tỷ lệ'!B7:BY7)/COUNT('Tỷ lệ'!B7:BY7) -> 0 | P7: =SUM('Tỷ lệ'!B7:BZ7)/COUNT('Tỷ lệ'!B7:BZ7) -> 0 | Q7: =SUM('Tỷ lệ'!B7:CA7)/COUNT('Tỷ lệ'!B7:CA7) -> 0 | R7: =SUM('Tỷ lệ'!B7:CB7)/COUNT('Tỷ lệ'!B7:CB7) -> 0 | S7: 0 | T7: 0 | U7: 0 | V7: 0 | W7: 0 | X7: 0 | Y7: 0 | Z7: 0 | AA7: 0 | AB7: 0 | AC7: 0 | AD7: 0 | AE7: 0 | AF7: 0 | AG7: 0 | AH7: 0 | AI7: 0 | AJ7: 0 | AK7: 0 | AL7: =SUM('Tỷ lệ'!B7:AK7)/COUNT('Tỷ lệ'!B7:AK7) -> 0 | AM7: 0 | AN7: 0 | AO7: =SUM('Tỷ lệ'!$BK$3:CX7)/COUNT('Tỷ lệ'!$BK$3:CX7) -> 0 | AP7: =SUM('Tỷ lệ'!$BK$3:CY7)/COUNT('Tỷ lệ'!$BK$3:CY7) -> 0 | AQ7: =SUM('Tỷ lệ'!$BK$3:CZ7)/COUNT('Tỷ lệ'!$BK$3:CZ7) -> 0 | AR7: =SUM('Tỷ lệ'!$BK$3:DA7)/COUNT('Tỷ lệ'!$BK$3:DA7) -> 0 | AS7: =SUM('Tỷ lệ'!$BK$3:DB7)/COUNT('Tỷ lệ'!$BK$3:DB7) -> 0 | AT7: =SUM('Tỷ lệ'!$BK$3:DC7)/COUNT('Tỷ lệ'!$BK$3:DC7) -> 0 | AU7: =SUM('Tỷ lệ'!$BK$3:DD7)/COUNT('Tỷ lệ'!$BK$3:DD7) -> 0 | AV7: =SUM('Tỷ lệ'!$BK$3:DE7)/COUNT('Tỷ lệ'!$BK$3:DE7) -> 0 | ... BF7: =SUM('Tỷ lệ'!$BK$3:DO7)/COUNT('Tỷ lệ'!$BK$3:DO7) -> 0 | BG7: 0 | BH7: 0 | BI7: 0 | BJ7: 0 | BK7: 0 | BL7: 0 | BM7: 0 | BN7: 0 | BO7: 0 | BP7: 0 | BQ7: 0
A8: Công ty tài chính cổ phần Điện lực (EVNFC) | B8: =SUM('Tỷ lệ'!B8:BL8)/COUNT('Tỷ lệ'!B8:BL8) -> 0 | C8: =SUM('Tỷ lệ'!B8:BM8)/COUNT('Tỷ lệ'!B8:BM8) -> 0 | D8: =SUM('Tỷ lệ'!B8:BN8)/COUNT('Tỷ lệ'!B8:BN8) -> 0 | E8: =SUM('Tỷ lệ'!B8:BO8)/COUNT('Tỷ lệ'!B8:BO8) -> 0 | F8: =SUM('Tỷ lệ'!B8:BP8)/COUNT('Tỷ lệ'!B8:BP8) -> 0 | G8: =SUM('Tỷ lệ'!B8:BQ8)/COUNT('Tỷ lệ'!B8:BQ8) -> 0 | H8: =SUM('Tỷ lệ'!B8:BR8)/COUNT('Tỷ lệ'!B8:BR8) -> 0 | I8: =SUM('Tỷ lệ'!B8:BS8)/COUNT('Tỷ lệ'!B8:BS8) -> 0 | J8: =SUM('Tỷ lệ'!B8:BT8)/COUNT('Tỷ lệ'!B8:BT8) -> 0 | K8: =SUM('Tỷ lệ'!B8:BU8)/COUNT('Tỷ lệ'!B8:BU8) -> 0 | L8: =SUM('Tỷ lệ'!B8:BV8)/COUNT('Tỷ lệ'!B8:BV8) -> 0 | M8: =SUM('Tỷ lệ'!B8:BW8)/COUNT('Tỷ lệ'!B8:BW8) -> 0 | N8: =SUM('Tỷ lệ'!B8:BX8)/COUNT('Tỷ lệ'!B8:BX8) -> 0 | O8: =SUM('Tỷ lệ'!B8:BY8)/COUNT('Tỷ lệ'!B8:BY8) -> 0 | P8: =SUM('Tỷ lệ'!B8:BZ8)/COUNT('Tỷ lệ'!B8:BZ8) -> 0 | Q8: =SUM('Tỷ lệ'!B8:CA8)/COUNT('Tỷ lệ'!B8:CA8) -> 0 | R8: =SUM('Tỷ lệ'!B8:CB8)/COUNT('Tỷ lệ'!B8:CB8) -> 0 | S8: 0 | T8: 0 | U8: 0 | V8: 0 | W8: 0 | X8: 0 | Y8: 0 | Z8: 0 | AA8: 0 | AB8: 0 | AC8: 0 | AD8: 0 | AE8: 0 | AF8: 0 | AG8: 0 | AH8: 0 | AI8: 0 | AJ8: 0 | AK8: 0 | AL8: =SUM('Tỷ lệ'!B8:AK8)/COUNT('Tỷ lệ'!B8:AK8) -> 0 | AM8: 0 | AN8: 0 | AO8: =SUM('Tỷ lệ'!$BK$3:CX8)/COUNT('Tỷ lệ'!$BK$3:CX8) -> 0 | AP8: =SUM('Tỷ lệ'!$BK$3:CY8)/COUNT('Tỷ lệ'!$BK$3:CY8) -> 0 | AQ8: =SUM('Tỷ lệ'!$BK$3:CZ8)/COUNT('Tỷ lệ'!$BK$3:CZ8) -> 0 | AR8: =SUM('Tỷ lệ'!$BK$3:DA8)/COUNT('Tỷ lệ'!$BK$3:DA8) -> 0 | AS8: =SUM('Tỷ lệ'!$BK$3:DB8)/COUNT('Tỷ lệ'!$BK$3:DB8) -> 0 | AT8: =SUM('Tỷ lệ'!$BK$3:DC8)/COUNT('Tỷ lệ'!$BK$3:DC8) -> 0 | AU8: =SUM('Tỷ lệ'!$BK$3:DD8)/COUNT('Tỷ lệ'!$BK$3:DD8) -> 0 | AV8: =SUM('Tỷ lệ'!$BK$3:DE8)/COUNT('Tỷ lệ'!$BK$3:DE8) -> 0 | ... BF8: =SUM('Tỷ lệ'!$BK$3:DO8)/COUNT('Tỷ lệ'!$BK$3:DO8) -> 0 | BG8: 0 | BH8: 0 | BI8: 0 | BJ8: 0 | BK8: 0 | BL8: 0 | BM8: 0 | BN8: 0 | BO8: 0 | BP8: 0 | BQ8: 0
A9: Công ty Tài Chính Cổ phần Tín Việt (VietCredit) | B9: =SUM('Tỷ lệ'!B9:BL9)/COUNT('Tỷ lệ'!B9:BL9) -> 0 | C9: =SUM('Tỷ lệ'!B9:BM9)/COUNT('Tỷ lệ'!B9:BM9) -> 0 | D9: =SUM('Tỷ lệ'!B9:BN9)/COUNT('Tỷ lệ'!B9:BN9) -> 0 | E9: =SUM('Tỷ lệ'!B9:BO9)/COUNT('Tỷ lệ'!B9:BO9) -> 0 | F9: =SUM('Tỷ lệ'!B9:BP9)/COUNT('Tỷ lệ'!B9:BP9) -> 0 | G9: =SUM('Tỷ lệ'!B9:BQ9)/COUNT('Tỷ lệ'!B9:BQ9) -> 0 | H9: =SUM('Tỷ lệ'!B9:BR9)/COUNT('Tỷ lệ'!B9:BR9) -> 0 | I9: =SUM('Tỷ lệ'!B9:BS9)/COUNT('Tỷ lệ'!B9:BS9) -> 0 | J9: =SUM('Tỷ lệ'!B9:BT9)/COUNT('Tỷ lệ'!B9:BT9) -> 0 | K9: =SUM('Tỷ lệ'!B9:BU9)/COUNT('Tỷ lệ'!B9:BU9) -> 0 | L9: =SUM('Tỷ lệ'!B9:BV9)/COUNT('Tỷ lệ'!B9:BV9) -> 0 | M9: =SUM('Tỷ lệ'!B9:BW9)/COUNT('Tỷ lệ'!B9:BW9) -> 0 | N9: =SUM('Tỷ lệ'!B9:BX9)/COUNT('Tỷ lệ'!B9:BX9) -> 0 | O9: =SUM('Tỷ lệ'!B9:BY9)/COUNT('Tỷ lệ'!B9:BY9) -> 0 | P9: =SUM('Tỷ lệ'!B9:BZ9)/COUNT('Tỷ lệ'!B9:BZ9) -> 0 | Q9: =SUM('Tỷ lệ'!B9:CA9)/COUNT('Tỷ lệ'!B9:CA9) -> 0 | R9: =SUM('Tỷ lệ'!B9:CB9)/COUNT('Tỷ lệ'!B9:CB9) -> 0 | S9: 0 | T9: 0 | U9: 0 | V9: 0 | W9: 0 | X9: 0 | Y9: 0 | Z9: 0 | AA9: 0 | AB9: 0 | AC9: 0 | AD9: 0 | AE9: 0 | AF9: 0 | AG9: 0 | AH9: 0 | AI9: 0 | AJ9: 0 | AK9: 0 | AL9: =SUM('Tỷ lệ'!B9:AK9)/COUNT('Tỷ lệ'!B9:AK9) -> 0 | AM9: 0 | AN9: 0 | AO9: =SUM('Tỷ lệ'!$BK$3:CX9)/COUNT('Tỷ lệ'!$BK$3:CX9) -> 0 | AP9: =SUM('Tỷ lệ'!$BK$3:CY9)/COUNT('Tỷ lệ'!$BK$3:CY9) -> 0 | AQ9: =SUM('Tỷ lệ'!$BK$3:CZ9)/COUNT('Tỷ lệ'!$BK$3:CZ9) -> 0 | AR9: =SUM('Tỷ lệ'!$BK$3:DA9)/COUNT('Tỷ lệ'!$BK$3:DA9) -> 0 | AS9: =SUM('Tỷ lệ'!$BK$3:DB9)/COUNT('Tỷ lệ'!$BK$3:DB9) -> 0 | AT9: =SUM('Tỷ lệ'!$BK$3:DC9)/COUNT('Tỷ lệ'!$BK$3:DC9) -> 0 | AU9: =SUM('Tỷ lệ'!$BK$3:DD9)/COUNT('Tỷ lệ'!$BK$3:DD9) -> 0 | AV9: =SUM('Tỷ lệ'!$BK$3:DE9)/COUNT('Tỷ lệ'!$BK$3:DE9) -> 0 | ... BF9: =SUM('Tỷ lệ'!$BK$3:DO9)/COUNT('Tỷ lệ'!$BK$3:DO9) -> 0 | BG9: 0 | BH9: 0 | BI9: 0 | BJ9: 0 | BK9: 0 | BL9: 0 | BM9: 0 | BN9: 0 | BO9: 0 | BP9: 0 | BQ9: 0
A10: Công ty Tài chính TNHH HD SaiSon (HDSS) | B10: =SUM('Tỷ lệ'!B10:BL10)/COUNT('Tỷ lệ'!B10:BL10) -> 0 | C10: =SUM('Tỷ lệ'!B10:BM10)/COUNT('Tỷ lệ'!B10:BM10) -> 0 | D10: =SUM('Tỷ lệ'!B10:BN10)/COUNT('Tỷ lệ'!B10:BN10) -> 0 | E10: =SUM('Tỷ lệ'!B10:BO10)/COUNT('Tỷ lệ'!B10:BO10) -> 0 | F10: =SUM('Tỷ lệ'!B10:BP10)/COUNT('Tỷ lệ'!B10:BP10) -> 0 | G10: =SUM('Tỷ lệ'!B10:BQ10)/COUNT('Tỷ lệ'!B10:BQ10) -> 0 | H10: =SUM('Tỷ lệ'!B10:BR10)/COUNT('Tỷ lệ'!B10:BR10) -> 0 | I10: =SUM('Tỷ lệ'!B10:BS10)/COUNT('Tỷ lệ'!B10:BS10) -> 0 | J10: =SUM('Tỷ lệ'!B10:BT10)/COUNT('Tỷ lệ'!B10:BT10) -> 0 | K10: =SUM('Tỷ lệ'!B10:BU10)/COUNT('Tỷ lệ'!B10:BU10) -> 0 | L10: =SUM('Tỷ lệ'!B10:BV10)/COUNT('Tỷ lệ'!B10:BV10) -> 0 | M10: =SUM('Tỷ lệ'!B10:BW10)/COUNT('Tỷ lệ'!B10:BW10) -> 0 | N10: =SUM('Tỷ lệ'!B10:BX10)/COUNT('Tỷ lệ'!B10:BX10) -> 0 | O10: =SUM('Tỷ lệ'!B10:BY10)/COUNT('Tỷ lệ'!B10:BY10) -> 0 | P10: =SUM('Tỷ lệ'!B10:BZ10)/COUNT('Tỷ lệ'!B10:BZ10) -> 0 | Q10: =SUM('Tỷ lệ'!B10:CA10)/COUNT('Tỷ lệ'!B10:CA10) -> 0 | R10: =SUM('Tỷ lệ'!B10:CB10)/COUNT('Tỷ lệ'!B10:CB10) -> 0 | S10: 0 | T10: 0 | U10: 0 | V10: 0 | W10: 0 | X10: 0 | Y10: 0 | Z10: 0 | AA10: 0 | AB10: 0 | AC10: 0 | AD10: 0 | AE10: 0 | AF10: 0 | AG10: 0 | AH10: 0 | AI10: 0 | AJ10: 0 | AK10: 0 | AL10: =SUM('Tỷ lệ'!B10:AK10)/COUNT('Tỷ lệ'!B10:AK10) -> 0 | AM10: 0 | AN10: 0 | AO10: =SUM('Tỷ lệ'!$BK$3:CX10)/COUNT('Tỷ lệ'!$BK$3:CX10) -> 0 | AP10: =SUM('Tỷ lệ'!$BK$3:CY10)/COUNT('Tỷ lệ'!$BK$3:CY10) -> 0 | AQ10: =SUM('Tỷ lệ'!$BK$3:CZ10)/COUNT('Tỷ lệ'!$BK$3:CZ10) -> 0 | AR10: =SUM('Tỷ lệ'!$BK$3:DA10)/COUNT('Tỷ lệ'!$BK$3:DA10) -> 0 | AS10: =SUM('Tỷ lệ'!$BK$3:DB10)/COUNT('Tỷ lệ'!$BK$3:DB10) -> 0 | AT10: =SUM('Tỷ lệ'!$BK$3:DC10)/COUNT('Tỷ lệ'!$BK$3:DC10) -> 0 | AU10: =SUM('Tỷ lệ'!$BK$3:DD10)/COUNT('Tỷ lệ'!$BK$3:DD10) -> 0 | AV10: =SUM('Tỷ lệ'!$BK$3:DE10)/COUNT('Tỷ lệ'!$BK$3:DE10) -> 0 | ... BF10: =SUM('Tỷ lệ'!$BK$3:DO10)/COUNT('Tỷ lệ'!$BK$3:DO10) -> 0 | BG10: 0 | BH10: 0 | BI10: 0 | BJ10: 0 | BK10: 0 | BL10: 0 | BM10: 0 | BN10: 0 | BO10: 0 | BP10: 0 | BQ10: 0
A11: Công ty tài chính TNHH MTV Home Credit VN (HCVN) | B11: =SUM('Tỷ lệ'!B11:BL11)/COUNT('Tỷ lệ'!B11:BL11) -> 0 | C11: =SUM('Tỷ lệ'!B11:BM11)/COUNT('Tỷ lệ'!B11:BM11) -> 0 | D11: =SUM('Tỷ lệ'!B11:BN11)/COUNT('Tỷ lệ'!B11:BN11) -> 0 | E11: =SUM('Tỷ lệ'!B11:BO11)/COUNT('Tỷ lệ'!B11:BO11) -> 0 | F11: =SUM('Tỷ lệ'!B11:BP11)/COUNT('Tỷ lệ'!B11:BP11) -> 0 | G11: =SUM('Tỷ lệ'!B11:BQ11)/COUNT('Tỷ lệ'!B11:BQ11) -> 0 | H11: =SUM('Tỷ lệ'!B11:BR11)/COUNT('Tỷ lệ'!B11:BR11) -> 0 | I11: =SUM('Tỷ lệ'!B11:BS11)/COUNT('Tỷ lệ'!B11:BS11) -> 0 | J11: =SUM('Tỷ lệ'!B11:BT11)/COUNT('Tỷ lệ'!B11:BT11) -> 0 | K11: =SUM('Tỷ lệ'!B11:BU11)/COUNT('Tỷ lệ'!B11:BU11) -> 0 | L11: =SUM('Tỷ lệ'!B11:BV11)/COUNT('Tỷ lệ'!B11:BV11) -> 0 | M11: =SUM('Tỷ lệ'!B11:BW11)/COUNT('Tỷ lệ'!B11:BW11) -> 0 | N11: =SUM('Tỷ lệ'!B11:BX11)/COUNT('Tỷ lệ'!B11:BX11) -> 0 | O11: =SUM('Tỷ lệ'!B11:BY11)/COUNT('Tỷ lệ'!B11:BY11) -> 0 | P11: =SUM('Tỷ lệ'!B11:BZ11)/COUNT('Tỷ lệ'!B11:BZ11) -> 0 | Q11: =SUM('Tỷ lệ'!B11:CA11)/COUNT('Tỷ lệ'!B11:CA11) -> 0 | R11: =SUM('Tỷ lệ'!B11:CB11)/COUNT('Tỷ lệ'!B11:CB11) -> 0 | S11: 0 | T11: 0 | U11: 0 | V11: 0 | W11: 0 | X11: 0 | Y11: 0 | Z11: 0 | AA11: 0 | AB11: 0 | AC11: 0 | AD11: 0 | AE11: 0 | AF11: 0 | AG11: 0 | AH11: 0 | AI11: 0 | AJ11: 0 | AK11: 0 | AL11: =SUM('Tỷ lệ'!B11:AK11)/COUNT('Tỷ lệ'!B11:AK11) -> 0 | AM11: 0 | AN11: 0 | AO11: =SUM('Tỷ lệ'!$BK$3:CX11)/COUNT('Tỷ lệ'!$BK$3:CX11) -> 0 | AP11: =SUM('Tỷ lệ'!$BK$3:CY11)/COUNT('Tỷ lệ'!$BK$3:CY11) -> 0 | AQ11: =SUM('Tỷ lệ'!$BK$3:CZ11)/COUNT('Tỷ lệ'!$BK$3:CZ11) -> 0 | AR11: =SUM('Tỷ lệ'!$BK$3:DA11)/COUNT('Tỷ lệ'!$BK$3:DA11) -> 0 | AS11: =SUM('Tỷ lệ'!$BK$3:DB11)/COUNT('Tỷ lệ'!$BK$3:DB11) -> 0 | AT11: =SUM('Tỷ lệ'!$BK$3:DC11)/COUNT('Tỷ lệ'!$BK$3:DC11) -> 0 | AU11: =SUM('Tỷ lệ'!$BK$3:DD11)/COUNT('Tỷ lệ'!$BK$3:DD11) -> 0 | AV11: =SUM('Tỷ lệ'!$BK$3:DE11)/COUNT('Tỷ lệ'!$BK$3:DE11) -> 0 | ... BF11: =SUM('Tỷ lệ'!$BK$3:DO11)/COUNT('Tỷ lệ'!$BK$3:DO11) -> 0 | BG11: 0 | BH11: 0 | BI11: 0 | BJ11: 0 | BK11: 0 | BL11: 0 | BM11: 0 | BN11: 0 | BO11: 0 | BP11: 0 | BQ11: 0
A12: Công ty tài chính TNHH MTV Ngân hàng TMCP Sài Gòn-Hà Nội (SHBF) | B12: =SUM('Tỷ lệ'!B12:BL12)/COUNT('Tỷ lệ'!B12:BL12) -> 0 | C12: =SUM('Tỷ lệ'!B12:BM12)/COUNT('Tỷ lệ'!B12:BM12) -> 0 | D12: =SUM('Tỷ lệ'!B12:BN12)/COUNT('Tỷ lệ'!B12:BN12) -> 0 | E12: =SUM('Tỷ lệ'!B12:BO12)/COUNT('Tỷ lệ'!B12:BO12) -> 0 | F12: =SUM('Tỷ lệ'!B12:BP12)/COUNT('Tỷ lệ'!B12:BP12) -> 0 | G12: =SUM('Tỷ lệ'!B12:BQ12)/COUNT('Tỷ lệ'!B12:BQ12) -> 0 | H12: =SUM('Tỷ lệ'!B12:BR12)/COUNT('Tỷ lệ'!B12:BR12) -> 0 | I12: =SUM('Tỷ lệ'!B12:BS12)/COUNT('Tỷ lệ'!B12:BS12) -> 0 | J12: =SUM('Tỷ lệ'!B12:BT12)/COUNT('Tỷ lệ'!B12:BT12) -> 0 | K12: =SUM('Tỷ lệ'!B12:BU12)/COUNT('Tỷ lệ'!B12:BU12) -> 0 | L12: =SUM('Tỷ lệ'!B12:BV12)/COUNT('Tỷ lệ'!B12:BV12) -> 0 | M12: =SUM('Tỷ lệ'!B12:BW12)/COUNT('Tỷ lệ'!B12:BW12) -> 0 | N12: =SUM('Tỷ lệ'!B12:BX12)/COUNT('Tỷ lệ'!B12:BX12) -> 0 | O12: =SUM('Tỷ lệ'!B12:BY12)/COUNT('Tỷ lệ'!B12:BY12) -> 0 | P12: =SUM('Tỷ lệ'!B12:BZ12)/COUNT('Tỷ lệ'!B12:BZ12) -> 0 | Q12: =SUM('Tỷ lệ'!B12:CA12)/COUNT('Tỷ lệ'!B12:CA12) -> 0 | R12: =SUM('Tỷ lệ'!B12:CB12)/COUNT('Tỷ lệ'!B12:CB12) -> 0 | S12: 0 | T12: 0 | U12: 0 | V12: 0 | W12: 0 | X12: 0 | Y12: 0 | Z12: 0 | AA12: 0 | AB12: 0 | AC12: 0 | AD12: 0 | AE12: 0 | AF12: 0 | AG12: 0 | AH12: 0 | AI12: 0 | AJ12: 0 | AK12: 0 | AL12: =SUM('Tỷ lệ'!B12:AK12)/COUNT('Tỷ lệ'!B12:AK12) -> 0 | AM12: 0 | AN12: 0 | AO12: =SUM('Tỷ lệ'!$BK$3:CX12)/COUNT('Tỷ lệ'!$BK$3:CX12) -> 0 | AP12: =SUM('Tỷ lệ'!$BK$3:CY12)/COUNT('Tỷ lệ'!$BK$3:CY12) -> 0 | AQ12: =SUM('Tỷ lệ'!$BK$3:CZ12)/COUNT('Tỷ lệ'!$BK$3:CZ12) -> 0 | AR12: =SUM('Tỷ lệ'!$BK$3:DA12)/COUNT('Tỷ lệ'!$BK$3:DA12) -> 0 | AS12: =SUM('Tỷ lệ'!$BK$3:DB12)/COUNT('Tỷ lệ'!$BK$3:DB12) -> 0 | AT12: =SUM('Tỷ lệ'!$BK$3:DC12)/COUNT('Tỷ lệ'!$BK$3:DC12) -> 0 | AU12: =SUM('Tỷ lệ'!$BK$3:DD12)/COUNT('Tỷ lệ'!$BK$3:DD12) -> 0 | AV12: =SUM('Tỷ lệ'!$BK$3:DE12)/COUNT('Tỷ lệ'!$BK$3:DE12) -> 0 | ... BF12: =SUM('Tỷ lệ'!$BK$3:DO12)/COUNT('Tỷ lệ'!$BK$3:DO12) -> 0 | BG12: 0 | BH12: 0 | BI12: 0 | BJ12: 0 | BK12: 0 | BL12: 0 | BM12: 0 | BN12: 0 | BO12: 0 | BP12: 0 | BQ12: 0
A13: Công ty tài chính TNHH MB Shinsei (Mcredit) | B13: =SUM('Tỷ lệ'!B13:BL13)/COUNT('Tỷ lệ'!B13:BL13) -> 0 | C13: =SUM('Tỷ lệ'!B13:BM13)/COUNT('Tỷ lệ'!B13:BM13) -> 0 | D13: =SUM('Tỷ lệ'!B13:BN13)/COUNT('Tỷ lệ'!B13:BN13) -> 0 | E13: =SUM('Tỷ lệ'!B13:BO13)/COUNT('Tỷ lệ'!B13:BO13) -> 0 | F13: =SUM('Tỷ lệ'!B13:BP13)/COUNT('Tỷ lệ'!B13:BP13) -> 0 | G13: =SUM('Tỷ lệ'!B13:BQ13)/COUNT('Tỷ lệ'!B13:BQ13) -> 0 | H13: =SUM('Tỷ lệ'!B13:BR13)/COUNT('Tỷ lệ'!B13:BR13) -> 0 | I13: =SUM('Tỷ lệ'!B13:BS13)/COUNT('Tỷ lệ'!B13:BS13) -> 0 | J13: =SUM('Tỷ lệ'!B13:BT13)/COUNT('Tỷ lệ'!B13:BT13) -> 0 | K13: =SUM('Tỷ lệ'!B13:BU13)/COUNT('Tỷ lệ'!B13:BU13) -> 0 | L13: =SUM('Tỷ lệ'!B13:BV13)/COUNT('Tỷ lệ'!B13:BV13) -> 0 | M13: =SUM('Tỷ lệ'!B13:BW13)/COUNT('Tỷ lệ'!B13:BW13) -> 0 | N13: =SUM('Tỷ lệ'!B13:BX13)/COUNT('Tỷ lệ'!B13:BX13) -> 0 | O13: =SUM('Tỷ lệ'!B13:BY13)/COUNT('Tỷ lệ'!B13:BY13) -> 0 | P13: =SUM('Tỷ lệ'!B13:BZ13)/COUNT('Tỷ lệ'!B13:BZ13) -> 0 | Q13: =SUM('Tỷ lệ'!B13:CA13)/COUNT('Tỷ lệ'!B13:CA13) -> 0 | R13: =SUM('Tỷ lệ'!B13:CB13)/COUNT('Tỷ lệ'!B13:CB13) -> 0 | S13: 0 | T13: 0 | U13: 0 | V13: 0 | W13: 0 | X13: 0 | Y13: 0 | Z13: 0 | AA13: 0 | AB13: 0 | AC13: 0 | AD13: 0 | AE13: 0 | AF13: 0 | AG13: 0 | AH13: 0 | AI13: 0 | AJ13: 0 | AK13: 0 | AL13: =SUM('Tỷ lệ'!B13:AK13)/COUNT('Tỷ lệ'!B13:AK13) -> 0 | AM13: 0 | AN13: 0 | AO13: =SUM('Tỷ lệ'!$BK$3:CX13)/COUNT('Tỷ lệ'!$BK$3:CX13) -> 0 | AP13: =SUM('Tỷ lệ'!$BK$3:CY13)/COUNT('Tỷ lệ'!$BK$3:CY13) -> 0 | AQ13: =SUM('Tỷ lệ'!$BK$3:CZ13)/COUNT('Tỷ lệ'!$BK$3:CZ13) -> 0 | AR13: =SUM('Tỷ lệ'!$BK$3:DA13)/COUNT('Tỷ lệ'!$BK$3:DA13) -> 0 | AS13: =SUM('Tỷ lệ'!$BK$3:DB13)/COUNT('Tỷ lệ'!$BK$3:DB13) -> 0 | AT13: =SUM('Tỷ lệ'!$BK$3:DC13)/COUNT('Tỷ lệ'!$BK$3:DC13) -> 0 | AU13: =SUM('Tỷ lệ'!$BK$3:DD13)/COUNT('Tỷ lệ'!$BK$3:DD13) -> 0 | AV13: =SUM('Tỷ lệ'!$BK$3:DE13)/COUNT('Tỷ lệ'!$BK$3:DE13) -> 0 | ... BF13: =SUM('Tỷ lệ'!$BK$3:DO13)/COUNT('Tỷ lệ'!$BK$3:DO13) -> 0 | BG13: 0 | BH13: 0 | BI13: 0 | BJ13: 0 | BK13: 0 | BL13: 0 | BM13: 0 | BN13: 0 | BO13: 0 | BP13: 0 | BQ13: 0
A14: NH TMCP Đại Chúng VN (PVC) | B14: =SUM('Tỷ lệ'!B14:BL14)/COUNT('Tỷ lệ'!B14:BL14) -> 0 | C14: =SUM('Tỷ lệ'!B14:BM14)/COUNT('Tỷ lệ'!B14:BM14) -> 0 | D14: =SUM('Tỷ lệ'!B14:BN14)/COUNT('Tỷ lệ'!B14:BN14) -> 0 | E14: =SUM('Tỷ lệ'!B14:BO14)/COUNT('Tỷ lệ'!B14:BO14) -> 0 | F14: =SUM('Tỷ lệ'!B14:BP14)/COUNT('Tỷ lệ'!B14:BP14) -> 0 | G14: =SUM('Tỷ lệ'!B14:BQ14)/COUNT('Tỷ lệ'!B14:BQ14) -> 0 | H14: =SUM('Tỷ lệ'!B14:BR14)/COUNT('Tỷ lệ'!B14:BR14) -> 0 | I14: =SUM('Tỷ lệ'!B14:BS14)/COUNT('Tỷ lệ'!B14:BS14) -> 0 | J14: =SUM('Tỷ lệ'!B14:BT14)/COUNT('Tỷ lệ'!B14:BT14) -> 0 | K14: =SUM('Tỷ lệ'!B14:BU14)/COUNT('Tỷ lệ'!B14:BU14) -> 0 | L14: =SUM('Tỷ lệ'!B14:BV14)/COUNT('Tỷ lệ'!B14:BV14) -> 0 | M14: =SUM('Tỷ lệ'!B14:BW14)/COUNT('Tỷ lệ'!B14:BW14) -> 0 | N14: =SUM('Tỷ lệ'!B14:BX14)/COUNT('Tỷ lệ'!B14:BX14) -> 0 | O14: =SUM('Tỷ lệ'!B14:BY14)/COUNT('Tỷ lệ'!B14:BY14) -> 0 | P14: =SUM('Tỷ lệ'!B14:BZ14)/COUNT('Tỷ lệ'!B14:BZ14) -> 0 | Q14: =SUM('Tỷ lệ'!B14:CA14)/COUNT('Tỷ lệ'!B14:CA14) -> 0 | R14: =SUM('Tỷ lệ'!B14:CB14)/COUNT('Tỷ lệ'!B14:CB14) -> 0 | S14: 0 | T14: 0 | U14: 0 | V14: 0 | W14: 0 | X14: 0 | Y14: 0 | Z14: 0 | AA14: 0 | AB14: 0 | AC14: 0 | AD14: 0 | AE14: 0 | AF14: 0 | AG14: 0 | AH14: 0 | AI14: 0 | AJ14: 0 | AK14: 0 | AL14: =SUM('Tỷ lệ'!B14:AK14)/COUNT('Tỷ lệ'!B14:AK14) -> 0 | AM14: 0 | AN14: 0 | AO14: =SUM('Tỷ lệ'!$BK$3:CX14)/COUNT('Tỷ lệ'!$BK$3:CX14) -> 0 | AP14: =SUM('Tỷ lệ'!$BK$3:CY14)/COUNT('Tỷ lệ'!$BK$3:CY14) -> 0 | AQ14: =SUM('Tỷ lệ'!$BK$3:CZ14)/COUNT('Tỷ lệ'!$BK$3:CZ14) -> 0 | AR14: =SUM('Tỷ lệ'!$BK$3:DA14)/COUNT('Tỷ lệ'!$BK$3:DA14) -> 0 | AS14: =SUM('Tỷ lệ'!$BK$3:DB14)/COUNT('Tỷ lệ'!$BK$3:DB14) -> 0 | AT14: =SUM('Tỷ lệ'!$BK$3:DC14)/COUNT('Tỷ lệ'!$BK$3:DC14) -> 0 | AU14: =SUM('Tỷ lệ'!$BK$3:DD14)/COUNT('Tỷ lệ'!$BK$3:DD14) -> 0 | AV14: =SUM('Tỷ lệ'!$BK$3:DE14)/COUNT('Tỷ lệ'!$BK$3:DE14) -> 0 | ... BF14: =SUM('Tỷ lệ'!$BK$3:DO14)/COUNT('Tỷ lệ'!$BK$3:DO14) -> 0 | BG14: 0 | BH14: 0 | BI14: 0 | BJ14: 0 | BK14: 0 | BL14: 0 | BM14: 0 | BN14: 0 | BO14: 0 | BP14: 0 | BQ14: 0
A15: NH TMCP Đông Nam Á (SeaBank) | B15: =SUM('Tỷ lệ'!B15:BL15)/COUNT('Tỷ lệ'!B15:BL15) -> 0 | C15: =SUM('Tỷ lệ'!B15:BM15)/COUNT('Tỷ lệ'!B15:BM15) -> 0 | D15: =SUM('Tỷ lệ'!B15:BN15)/COUNT('Tỷ lệ'!B15:BN15) -> 0 | E15: =SUM('Tỷ lệ'!B15:BO15)/COUNT('Tỷ lệ'!B15:BO15) -> 0 | F15: =SUM('Tỷ lệ'!B15:BP15)/COUNT('Tỷ lệ'!B15:BP15) -> 0 | G15: =SUM('Tỷ lệ'!B15:BQ15)/COUNT('Tỷ lệ'!B15:BQ15) -> 0 | H15: =SUM('Tỷ lệ'!B15:BR15)/COUNT('Tỷ lệ'!B15:BR15) -> 0 | I15: =SUM('Tỷ lệ'!B15:BS15)/COUNT('Tỷ lệ'!B15:BS15) -> 0 | J15: =SUM('Tỷ lệ'!B15:BT15)/COUNT('Tỷ lệ'!B15:BT15) -> 0 | K15: =SUM('Tỷ lệ'!B15:BU15)/COUNT('Tỷ lệ'!B15:BU15) -> 0 | L15: =SUM('Tỷ lệ'!B15:BV15)/COUNT('Tỷ lệ'!B15:BV15) -> 0 | M15: =SUM('Tỷ lệ'!B15:BW15)/COUNT('Tỷ lệ'!B15:BW15) -> 0 | N15: =SUM('Tỷ lệ'!B15:BX15)/COUNT('Tỷ lệ'!B15:BX15) -> 0 | O15: =SUM('Tỷ lệ'!B15:BY15)/COUNT('Tỷ lệ'!B15:BY15) -> 0 | P15: =SUM('Tỷ lệ'!B15:BZ15)/COUNT('Tỷ lệ'!B15:BZ15) -> 0 | Q15: =SUM('Tỷ lệ'!B15:CA15)/COUNT('Tỷ lệ'!B15:CA15) -> 0 | R15: =SUM('Tỷ lệ'!B15:CB15)/COUNT('Tỷ lệ'!B15:CB15) -> 0 | S15: 0 | T15: 0 | U15: 0 | V15: 0 | W15: 0 | X15: 0 | Y15: 0 | Z15: 0 | AA15: 0 | AB15: 0 | AC15: 0 | AD15: 0 | AE15: 0 | AF15: 0 | AG15: 0 | AH15: 0 | AI15: 0 | AJ15: 0 | AK15: 0 | AL15: =SUM('Tỷ lệ'!B15:AK15)/COUNT('Tỷ lệ'!B15:AK15) -> 0 | AM15: 0 | AN15: 0 | AO15: =SUM('Tỷ lệ'!$BK$3:CX15)/COUNT('Tỷ lệ'!$BK$3:CX15) -> 0 | AP15: =SUM('Tỷ lệ'!$BK$3:CY15)/COUNT('Tỷ lệ'!$BK$3:CY15) -> 0 | AQ15: =SUM('Tỷ lệ'!$BK$3:CZ15)/COUNT('Tỷ lệ'!$BK$3:CZ15) -> 0 | AR15: =SUM('Tỷ lệ'!$BK$3:DA15)/COUNT('Tỷ lệ'!$BK$3:DA15) -> 0 | AS15: =SUM('Tỷ lệ'!$BK$3:DB15)/COUNT('Tỷ lệ'!$BK$3:DB15) -> 0 | AT15: =SUM('Tỷ lệ'!$BK$3:DC15)/COUNT('Tỷ lệ'!$BK$3:DC15) -> 0 | AU15: =SUM('Tỷ lệ'!$BK$3:DD15)/COUNT('Tỷ lệ'!$BK$3:DD15) -> 0 | AV15: =SUM('Tỷ lệ'!$BK$3:DE15)/COUNT('Tỷ lệ'!$BK$3:DE15) -> 0 | ... BF15: =SUM('Tỷ lệ'!$BK$3:DO15)/COUNT('Tỷ lệ'!$BK$3:DO15) -> 0 | BG15: 0 | BH15: 0 | BI15: 0 | BJ15: 0 | BK15: 0 | BL15: 0 | BM15: 0 | BN15: 0 | BO15: 0 | BP15: 0 | BQ15: 0
... A21: NH TMCP Nam Á | B21: =SUM('Tỷ lệ'!B21:BL21)/COUNT('Tỷ lệ'!B21:BL21) -> 0 | C21: =SUM('Tỷ lệ'!B21:BM21)/COUNT('Tỷ lệ'!B21:BM21) -> 0 | D21: =SUM('Tỷ lệ'!B21:BN21)/COUNT('Tỷ lệ'!B21:BN21) -> 0 | E21: =SUM('Tỷ lệ'!B21:BO21)/COUNT('Tỷ lệ'!B21:BO21) -> 0 | F21: =SUM('Tỷ lệ'!B21:BP21)/COUNT('Tỷ lệ'!B21:BP21) -> 0 | G21: =SUM('Tỷ lệ'!B21:BQ21)/COUNT('Tỷ lệ'!B21:BQ21) -> 0 | H21: =SUM('Tỷ lệ'!B21:BR21)/COUNT('Tỷ lệ'!B21:BR21) -> 0 | I21: =SUM('Tỷ lệ'!B21:BS21)/COUNT('Tỷ lệ'!B21:BS21) -> 0 | J21: =SUM('Tỷ lệ'!B21:BT21)/COUNT('Tỷ lệ'!B21:BT21) -> 0 | K21: =SUM('Tỷ lệ'!B21:BU21)/COUNT('Tỷ lệ'!B21:BU21) -> 0 | L21: =SUM('Tỷ lệ'!B21:BV21)/COUNT('Tỷ lệ'!B21:BV21) -> 0 | M21: =SUM('Tỷ lệ'!B21:BW21)/COUNT('Tỷ lệ'!B21:BW21) -> 0 | N21: =SUM('Tỷ lệ'!B21:BX21)/COUNT('Tỷ lệ'!B21:BX21) -> 0 | O21: =SUM('Tỷ lệ'!B21:BY21)/COUNT('Tỷ lệ'!B21:BY21) -> 0 | P21: =SUM('Tỷ lệ'!B21:BZ21)/COUNT('Tỷ lệ'!B21:BZ21) -> 0 | Q21: =SUM('Tỷ lệ'!B21:CA21)/COUNT('Tỷ lệ'!B21:CA21) -> 0 | R21: =SUM('Tỷ lệ'!B21:CB21)/COUNT('Tỷ lệ'!B21:CB21) -> 0 | S21: 0 | T21: 0 | U21: 0 | V21: 0 | W21: 0 | X21: 0 | Y21: 0 | Z21: 0 | AA21: 0 | AB21: 0 | AC21: 0 | AD21: 0 | AE21: 0 | AF21: 0 | AG21: 0 | AH21: 0 | AI21: 0 | AJ21: 0 | AK21: 0 | AL21: =SUM('Tỷ lệ'!B21:AK21)/COUNT('Tỷ lệ'!B21:AK21) -> 0 | AM21: 0 | AN21: 0 | AO21: =SUM('Tỷ lệ'!$BK$3:CX21)/COUNT('Tỷ lệ'!$BK$3:CX21) -> 0 | AP21: =SUM('Tỷ lệ'!$BK$3:CY21)/COUNT('Tỷ lệ'!$BK$3:CY21) -> 0 | AQ21: =SUM('Tỷ lệ'!$BK$3:CZ21)/COUNT('Tỷ lệ'!$BK$3:CZ21) -> 0 | AR21: =SUM('Tỷ lệ'!$BK$3:DA21)/COUNT('Tỷ lệ'!$BK$3:DA21) -> 0 | AS21: =SUM('Tỷ lệ'!$BK$3:DB21)/COUNT('Tỷ lệ'!$BK$3:DB21) -> 0 | AT21: =SUM('Tỷ lệ'!$BK$3:DC21)/COUNT('Tỷ lệ'!$BK$3:DC21) -> 0 | AU21: =SUM('Tỷ lệ'!$BK$3:DD21)/COUNT('Tỷ lệ'!$BK$3:DD21) -> 0 | AV21: =SUM('Tỷ lệ'!$BK$3:DE21)/COUNT('Tỷ lệ'!$BK$3:DE21) -> 0 | ... BF21: =SUM('Tỷ lệ'!$BK$3:DO21)/COUNT('Tỷ lệ'!$BK$3:DO21) -> 0 | BG21: 0 | BH21: 0 | BI21: 0 | BJ21: 0 | BK21: 0 | BL21: 0 | BM21: 0 | BN21: 0 | BO21: 0 | BP21: 0 | BQ21: 0
A22: NH TMCP Phát triển TPHCM (HDB) | B22: =SUM('Tỷ lệ'!B22:BL22)/COUNT('Tỷ lệ'!B22:BL22) -> 0.031746032 | C22: =SUM('Tỷ lệ'!B22:BM22)/COUNT('Tỷ lệ'!B22:BM22) -> 0.03125 | D22: =SUM('Tỷ lệ'!B22:BN22)/COUNT('Tỷ lệ'!B22:BN22) -> 0.030769231 | E22: =SUM('Tỷ lệ'!B22:BO22)/COUNT('Tỷ lệ'!B22:BO22) -> 0.03030303 | F22: =SUM('Tỷ lệ'!B22:BP22)/COUNT('Tỷ lệ'!B22:BP22) -> 0.029850746 | G22: =SUM('Tỷ lệ'!B22:BQ22)/COUNT('Tỷ lệ'!B22:BQ22) -> 0.029411765 | H22: =SUM('Tỷ lệ'!B22:BR22)/COUNT('Tỷ lệ'!B22:BR22) -> 0.028985507 | I22: =SUM('Tỷ lệ'!B22:BS22)/COUNT('Tỷ lệ'!B22:BS22) -> 0.028571429 | J22: =SUM('Tỷ lệ'!B22:BT22)/COUNT('Tỷ lệ'!B22:BT22) -> 0.028169014 | K22: =SUM('Tỷ lệ'!B22:BU22)/COUNT('Tỷ lệ'!B22:BU22) -> 0.027777778 | L22: =SUM('Tỷ lệ'!B22:BV22)/COUNT('Tỷ lệ'!B22:BV22) -> 0.02739726 | M22: =SUM('Tỷ lệ'!B22:BW22)/COUNT('Tỷ lệ'!B22:BW22) -> 0.027027027 | N22: =SUM('Tỷ lệ'!B22:BX22)/COUNT('Tỷ lệ'!B22:BX22) -> 0.026666667 | O22: =SUM('Tỷ lệ'!B22:BY22)/COUNT('Tỷ lệ'!B22:BY22) -> 0.026315789 | P22: =SUM('Tỷ lệ'!B22:BZ22)/COUNT('Tỷ lệ'!B22:BZ22) -> 0.025974026 | Q22: =SUM('Tỷ lệ'!B22:CA22)/COUNT('Tỷ lệ'!B22:CA22) -> 0.025641026 | R22: =SUM('Tỷ lệ'!B22:CB22)/COUNT('Tỷ lệ'!B22:CB22) -> 0.025316456 | S22: 0.025 | T22: 0.024691358 | U22: 0.024390244 | V22: 0.024096386 | W22: 0.023809524 | X22: 0 | Y22: 0 | Z22: 0 | AA22: 0 | AB22: 0 | AC22: 0 | AD22: 0 | AE22: 0 | AF22: 0 | AG22: 0 | AH22: 0 | AI22: 0 | AJ22: 0 | AK22: 0 | AL22: 0 | AM22: 0 | AN22: 0 | AO22: =SUM('Tỷ lệ'!$BK$3:CX22)/COUNT('Tỷ lệ'!$BK$3:CX22) -> 0 | AP22: =SUM('Tỷ lệ'!$BK$3:CY22)/COUNT('Tỷ lệ'!$BK$3:CY22) -> 0 | AQ22: =SUM('Tỷ lệ'!$BK$3:CZ22)/COUNT('Tỷ lệ'!$BK$3:CZ22) -> 0 | AR22: =SUM('Tỷ lệ'!$BK$3:DA22)/COUNT('Tỷ lệ'!$BK$3:DA22) -> 0 | AS22: =SUM('Tỷ lệ'!$BK$3:DB22)/COUNT('Tỷ lệ'!$BK$3:DB22) -> 0 | AT22: =SUM('Tỷ lệ'!$BK$3:DC22)/COUNT('Tỷ lệ'!$BK$3:DC22) -> 0 | AU22: =SUM('Tỷ lệ'!$BK$3:DD22)/COUNT('Tỷ lệ'!$BK$3:DD22) -> 0 | AV22: =SUM('Tỷ lệ'!$BK$3:DE22)/COUNT('Tỷ lệ'!$BK$3:DE22) -> 0 | ... BF22: =SUM('Tỷ lệ'!$BK$3:DO22)/COUNT('Tỷ lệ'!$BK$3:DO22) -> 0 | BG22: 0 | BH22: 0 | BI22: 0 | BJ22: 0 | BK22: 0 | BL22: 0 | BM22: 0 | BN22: 0 | BO22: 0 | BP22: 0 | BQ22: 0
A23: NH TMCP Phương Đông (OCB) | B23: =SUM('Tỷ lệ'!B23:BL23)/COUNT('Tỷ lệ'!B23:BL23) -> 0 | C23: =SUM('Tỷ lệ'!B23:BM23)/COUNT('Tỷ lệ'!B23:BM23) -> 0 | D23: =SUM('Tỷ lệ'!B23:BN23)/COUNT('Tỷ lệ'!B23:BN23) -> 0 | E23: =SUM('Tỷ lệ'!B23:BO23)/COUNT('Tỷ lệ'!B23:BO23) -> 0 | F23: =SUM('Tỷ lệ'!B23:BP23)/COUNT('Tỷ lệ'!B23:BP23) -> 0 | G23: =SUM('Tỷ lệ'!B23:BQ23)/COUNT('Tỷ lệ'!B23:BQ23) -> 0 | H23: =SUM('Tỷ lệ'!B23:BR23)/COUNT('Tỷ lệ'!B23:BR23) -> 0 | I23: =SUM('Tỷ lệ'!B23:BS23)/COUNT('Tỷ lệ'!B23:BS23) -> 0 | J23: =SUM('Tỷ lệ'!B23:BT23)/COUNT('Tỷ lệ'!B23:BT23) -> 0 | K23: =SUM('Tỷ lệ'!B23:BU23)/COUNT('Tỷ lệ'!B23:BU23) -> 0 | L23: =SUM('Tỷ lệ'!B23:BV23)/COUNT('Tỷ lệ'!B23:BV23) -> 0 | M23: =SUM('Tỷ lệ'!B23:BW23)/COUNT('Tỷ lệ'!B23:BW23) -> 0 | N23: =SUM('Tỷ lệ'!B23:BX23)/COUNT('Tỷ lệ'!B23:BX23) -> 0 | O23: =SUM('Tỷ lệ'!B23:BY23)/COUNT('Tỷ lệ'!B23:BY23) -> 0 | P23: =SUM('Tỷ lệ'!B23:BZ23)/COUNT('Tỷ lệ'!B23:BZ23) -> 0 | Q23: =SUM('Tỷ lệ'!B23:CA23)/COUNT('Tỷ lệ'!B23:CA23) -> 0 | R23: =SUM('Tỷ lệ'!B23:CB23)/COUNT('Tỷ lệ'!B23:CB23) -> 0 | S23: 0 | T23: 0 | U23: 0 | V23: 0 | W23: 0 | X23: 0 | Y23: 0 | Z23: 0 | AA23: 0 | AB23: 0 | AC23: 0 | AD23: 0 | AE23: 0 | AF23: 0 | AG23: 0 | AH23: 0 | AI23: 0 | AJ23: 0 | AK23: 0 | AL23: =SUM('Tỷ lệ'!B23:AK23)/COUNT('Tỷ lệ'!B23:AK23) -> 0 | AM23: 0 | AN23: 0 | AO23: =SUM('Tỷ lệ'!$BK$3:CX23)/COUNT('Tỷ lệ'!$BK$3:CX23) -> 0 | AP23: =SUM('Tỷ lệ'!$BK$3:CY23)/COUNT('Tỷ lệ'!$BK$3:CY23) -> 0 | AQ23: =SUM('Tỷ lệ'!$BK$3:CZ23)/COUNT('Tỷ lệ'!$BK$3:CZ23) -> 0 | AR23: =SUM('Tỷ lệ'!$BK$3:DA23)/COUNT('Tỷ lệ'!$BK$3:DA23) -> 0 | AS23: =SUM('Tỷ lệ'!$BK$3:DB23)/COUNT('Tỷ lệ'!$BK$3:DB23) -> 0 | AT23: =SUM('Tỷ lệ'!$BK$3:DC23)/COUNT('Tỷ lệ'!$BK$3:DC23) -> 0 | AU23: =SUM('Tỷ lệ'!$BK$3:DD23)/COUNT('Tỷ lệ'!$BK$3:DD23) -> 0 | AV23: =SUM('Tỷ lệ'!$BK$3:DE23)/COUNT('Tỷ lệ'!$BK$3:DE23) -> 0 | ... BF23: =SUM('Tỷ lệ'!$BK$3:DO23)/COUNT('Tỷ lệ'!$BK$3:DO23) -> 0 | BG23: 0 | BH23: 0 | BI23: 0 | BJ23: 0 | BK23: 0 | BL23: 0 | BM23: 0 | BN23: 0 | BO23: 0 | BP23: 0 | BQ23: 0
A24: NH TMCP Quân đội (MBB) | B24: =SUM('Tỷ lệ'!B24:BL24)/COUNT('Tỷ lệ'!B24:BL24) -> 0 | C24: =SUM('Tỷ lệ'!B24:BM24)/COUNT('Tỷ lệ'!B24:BM24) -> 0 | D24: =SUM('Tỷ lệ'!B24:BN24)/COUNT('Tỷ lệ'!B24:BN24) -> 0 | E24: =SUM('Tỷ lệ'!B24:BO24)/COUNT('Tỷ lệ'!B24:BO24) -> 0 | F24: =SUM('Tỷ lệ'!B24:BP24)/COUNT('Tỷ lệ'!B24:BP24) -> 0 | G24: =SUM('Tỷ lệ'!B24:BQ24)/COUNT('Tỷ lệ'!B24:BQ24) -> 0 | H24: =SUM('Tỷ lệ'!B24:BR24)/COUNT('Tỷ lệ'!B24:BR24) -> 0 | I24: =SUM('Tỷ lệ'!B24:BS24)/COUNT('Tỷ lệ'!B24:BS24) -> 0 | J24: =SUM('Tỷ lệ'!B24:BT24)/COUNT('Tỷ lệ'!B24:BT24) -> 0 | K24: =SUM('Tỷ lệ'!B24:BU24)/COUNT('Tỷ lệ'!B24:BU24) -> 0 | L24: =SUM('Tỷ lệ'!B24:BV24)/COUNT('Tỷ lệ'!B24:BV24) -> 0 | M24: =SUM('Tỷ lệ'!B24:BW24)/COUNT('Tỷ lệ'!B24:BW24) -> 0 | N24: =SUM('Tỷ lệ'!B24:BX24)/COUNT('Tỷ lệ'!B24:BX24) -> 0 | O24: =SUM('Tỷ lệ'!B24:BY24)/COUNT('Tỷ lệ'!B24:BY24) -> 0 | P24: =SUM('Tỷ lệ'!B24:BZ24)/COUNT('Tỷ lệ'!B24:BZ24) -> 0 | Q24: =SUM('Tỷ lệ'!B24:CA24)/COUNT('Tỷ lệ'!B24:CA24) -> 0 | R24: =SUM('Tỷ lệ'!B24:CB24)/COUNT('Tỷ lệ'!B24:CB24) -> 0 | S24: 0 | T24: 0 | U24: 0 | V24: 0 | W24: 0 | X24: 0 | Y24: 0 | Z24: 0 | AA24: 0 | AB24: 0 | AC24: 0 | AD24: 0 | AE24: 0 | AF24: 0 | AG24: 0 | AH24: 0 | AI24: 0 | AJ24: 0 | AK24: 0 | AL24: =SUM('Tỷ lệ'!B24:AK24)/COUNT('Tỷ lệ'!B24:AK24) -> 0 | AM24: 0 | AN24: 0 | AO24: =SUM('Tỷ lệ'!$BK$3:CX24)/COUNT('Tỷ lệ'!$BK$3:CX24) -> 0 | AP24: =SUM('Tỷ lệ'!$BK$3:CY24)/COUNT('Tỷ lệ'!$BK$3:CY24) -> 0 | AQ24: =SUM('Tỷ lệ'!$BK$3:CZ24)/COUNT('Tỷ lệ'!$BK$3:CZ24) -> 0 | AR24: =SUM('Tỷ lệ'!$BK$3:DA24)/COUNT('Tỷ lệ'!$BK$3:DA24) -> 0 | AS24: =SUM('Tỷ lệ'!$BK$3:DB24)/COUNT('Tỷ lệ'!$BK$3:DB24) -> 0 | AT24: =SUM('Tỷ lệ'!$BK$3:DC24)/COUNT('Tỷ lệ'!$BK$3:DC24) -> 0 | AU24: =SUM('Tỷ lệ'!$BK$3:DD24)/COUNT('Tỷ lệ'!$BK$3:DD24) -> 0 | AV24: =SUM('Tỷ lệ'!$BK$3:DE24)/COUNT('Tỷ lệ'!$BK$3:DE24) -> 0 | ... BF24: =SUM('Tỷ lệ'!$BK$3:DO24)/COUNT('Tỷ lệ'!$BK$3:DO24) -> 0 | BG24: 0 | BH24: 0 | BI24: 0 | BJ24: 0 | BK24: 0 | BL24: 0 | BM24: 0 | BN24: 0 | BO24: 0 | BP24: 0 | BQ24: 0
A25: NH TMCP Quốc dân (NCB) | B25: =SUM('Tỷ lệ'!B25:BL25)/COUNT('Tỷ lệ'!B25:BL25) -> 0 | C25: =SUM('Tỷ lệ'!B25:BM25)/COUNT('Tỷ lệ'!B25:BM25) -> 0 | D25: =SUM('Tỷ lệ'!B25:BN25)/COUNT('Tỷ lệ'!B25:BN25) -> 0 | E25: =SUM('Tỷ lệ'!B25:BO25)/COUNT('Tỷ lệ'!B25:BO25) -> 0 | F25: =SUM('Tỷ lệ'!B25:BP25)/COUNT('Tỷ lệ'!B25:BP25) -> 0 | G25: =SUM('Tỷ lệ'!B25:BQ25)/COUNT('Tỷ lệ'!B25:BQ25) -> 0 | H25: =SUM('Tỷ lệ'!B25:BR25)/COUNT('Tỷ lệ'!B25:BR25) -> 0 | I25: =SUM('Tỷ lệ'!B25:BS25)/COUNT('Tỷ lệ'!B25:BS25) -> 0 | J25: =SUM('Tỷ lệ'!B25:BT25)/COUNT('Tỷ lệ'!B25:BT25) -> 0 | K25: =SUM('Tỷ lệ'!B25:BU25)/COUNT('Tỷ lệ'!B25:BU25) -> 0 | L25: =SUM('Tỷ lệ'!B25:BV25)/COUNT('Tỷ lệ'!B25:BV25) -> 0 | M25: =SUM('Tỷ lệ'!B25:BW25)/COUNT('Tỷ lệ'!B25:BW25) -> 0 | N25: =SUM('Tỷ lệ'!B25:BX25)/COUNT('Tỷ lệ'!B25:BX25) -> 0 | O25: =SUM('Tỷ lệ'!B25:BY25)/COUNT('Tỷ lệ'!B25:BY25) -> 0 | P25: =SUM('Tỷ lệ'!B25:BZ25)/COUNT('Tỷ lệ'!B25:BZ25) -> 0 | Q25: =SUM('Tỷ lệ'!B25:CA25)/COUNT('Tỷ lệ'!B25:CA25) -> 0 | R25: =SUM('Tỷ lệ'!B25:CB25)/COUNT('Tỷ lệ'!B25:CB25) -> 0 | S25: 0 | T25: 0 | U25: 0 | V25: 0 | W25: 0 | X25: 0 | Y25: 0 | Z25: 0 | AA25: 0 | AB25: 0 | AC25: 0 | AD25: 0 | AE25: 0 | AF25: 0 | AG25: 0 | AH25: 0 | AI25: 0 | AJ25: 0 | AK25: 0 | AL25: =SUM('Tỷ lệ'!B25:AK25)/COUNT('Tỷ lệ'!B25:AK25) -> 0 | AM25: 0 | AN25: 0 | AO25: =SUM('Tỷ lệ'!$BK$3:CX25)/COUNT('Tỷ lệ'!$BK$3:CX25) -> 0 | AP25: =SUM('Tỷ lệ'!$BK$3:CY25)/COUNT('Tỷ lệ'!$BK$3:CY25) -> 0 | AQ25: =SUM('Tỷ lệ'!$BK$3:CZ25)/COUNT('Tỷ lệ'!$BK$3:CZ25) -> 0 | AR25: =SUM('Tỷ lệ'!$BK$3:DA25)/COUNT('Tỷ lệ'!$BK$3:DA25) -> 0 | AS25: =SUM('Tỷ lệ'!$BK$3:DB25)/COUNT('Tỷ lệ'!$BK$3:DB25) -> 0 | AT25: =SUM('Tỷ lệ'!$BK$3:DC25)/COUNT('Tỷ lệ'!$BK$3:DC25) -> 0 | AU25: =SUM('Tỷ lệ'!$BK$3:DD25)/COUNT('Tỷ lệ'!$BK$3:DD25) -> 0 | AV25: =SUM('Tỷ lệ'!$BK$3:DE25)/COUNT('Tỷ lệ'!$BK$3:DE25) -> 0 | ... BF25: =SUM('Tỷ lệ'!$BK$3:DO25)/COUNT('Tỷ lệ'!$BK$3:DO25) -> 0 | BG25: 0 | BH25: 0 | BI25: 0 | BJ25: 0 | BK25: 0 | BL25: 0 | BM25: 0 | BN25: 0 | BO25: 0 | BP25: 0 | BQ25: 0
A26: NH TMCP Quốc tế VN (VIB) | B26: =SUM('Tỷ lệ'!B26:BL26)/COUNT('Tỷ lệ'!B26:BL26) -> 0 | C26: =SUM('Tỷ lệ'!B26:BM26)/COUNT('Tỷ lệ'!B26:BM26) -> 0 | D26: =SUM('Tỷ lệ'!B26:BN26)/COUNT('Tỷ lệ'!B26:BN26) -> 0 | E26: =SUM('Tỷ lệ'!B26:BO26)/COUNT('Tỷ lệ'!B26:BO26) -> 0 | F26: =SUM('Tỷ lệ'!B26:BP26)/COUNT('Tỷ lệ'!B26:BP26) -> 0 | G26: =SUM('Tỷ lệ'!B26:BQ26)/COUNT('Tỷ lệ'!B26:BQ26) -> 0 | H26: =SUM('Tỷ lệ'!B26:BR26)/COUNT('Tỷ lệ'!B26:BR26) -> 0 | I26: =SUM('Tỷ lệ'!B26:BS26)/COUNT('Tỷ lệ'!B26:BS26) -> 0 | J26: =SUM('Tỷ lệ'!B26:BT26)/COUNT('Tỷ lệ'!B26:BT26) -> 0 | K26: =SUM('Tỷ lệ'!B26:BU26)/COUNT('Tỷ lệ'!B26:BU26) -> 0 | L26: =SUM('Tỷ lệ'!B26:BV26)/COUNT('Tỷ lệ'!B26:BV26) -> 0 | M26: =SUM('Tỷ lệ'!B26:BW26)/COUNT('Tỷ lệ'!B26:BW26) -> 0 | N26: =SUM('Tỷ lệ'!B26:BX26)/COUNT('Tỷ lệ'!B26:BX26) -> 0 | O26: =SUM('Tỷ lệ'!B26:BY26)/COUNT('Tỷ lệ'!B26:BY26) -> 0 | P26: =SUM('Tỷ lệ'!B26:BZ26)/COUNT('Tỷ lệ'!B26:BZ26) -> 0 | Q26: =SUM('Tỷ lệ'!B26:CA26)/COUNT('Tỷ lệ'!B26:CA26) -> 0 | R26: =SUM('Tỷ lệ'!B26:CB26)/COUNT('Tỷ lệ'!B26:CB26) -> 0 | S26: 0 | T26: 0 | U26: 0 | V26: 0 | W26: 0 | X26: 0 | Y26: 0 | Z26: 0 | AA26: 0 | AB26: 0 | AC26: 0 | AD26: 0 | AE26: 0 | AF26: 0 | AG26: 0 | AH26: 0 | AI26: 0 | AJ26: 0 | AK26: 0 | AL26: =SUM('Tỷ lệ'!B26:AK26)/COUNT('Tỷ lệ'!B26:AK26) -> 0 | AM26: 0 | AN26: 0 | AO26: =SUM('Tỷ lệ'!$BK$3:CX26)/COUNT('Tỷ lệ'!$BK$3:CX26) -> 0 | AP26: =SUM('Tỷ lệ'!$BK$3:CY26)/COUNT('Tỷ lệ'!$BK$3:CY26) -> 0 | AQ26: =SUM('Tỷ lệ'!$BK$3:CZ26)/COUNT('Tỷ lệ'!$BK$3:CZ26) -> 0 | AR26: =SUM('Tỷ lệ'!$BK$3:DA26)/COUNT('Tỷ lệ'!$BK$3:DA26) -> 0 | AS26: =SUM('Tỷ lệ'!$BK$3:DB26)/COUNT('Tỷ lệ'!$BK$3:DB26) -> 0 | AT26: =SUM('Tỷ lệ'!$BK$3:DC26)/COUNT('Tỷ lệ'!$BK$3:DC26) -> 0 | AU26: =SUM('Tỷ lệ'!$BK$3:DD26)/COUNT('Tỷ lệ'!$BK$3:DD26) -> 0 | AV26: =SUM('Tỷ lệ'!$BK$3:DE26)/COUNT('Tỷ lệ'!$BK$3:DE26) -> 0 | ... BF26: =SUM('Tỷ lệ'!$BK$3:DO26)/COUNT('Tỷ lệ'!$BK$3:DO26) -> 0 | BG26: 0 | BH26: 0 | BI26: 0 | BJ26: 0 | BK26: 0 | BL26: 0 | BM26: 0 | BN26: 0 | BO26: 0 | BP26: 0 | BQ26: 0
A27: NH TMCP Sài Gòn Thương Tín (Sacombank) | B27: =SUM('Tỷ lệ'!B27:BL27)/COUNT('Tỷ lệ'!B27:BL27) -> 0 | C27: =SUM('Tỷ lệ'!B27:BM27)/COUNT('Tỷ lệ'!B27:BM27) -> 0 | D27: =SUM('Tỷ lệ'!B27:BN27)/COUNT('Tỷ lệ'!B27:BN27) -> 0 | E27: =SUM('Tỷ lệ'!B27:BO27)/COUNT('Tỷ lệ'!B27:BO27) -> 0 | F27: =SUM('Tỷ lệ'!B27:BP27)/COUNT('Tỷ lệ'!B27:BP27) -> 0 | G27: =SUM('Tỷ lệ'!B27:BQ27)/COUNT('Tỷ lệ'!B27:BQ27) -> 0 | H27: =SUM('Tỷ lệ'!B27:BR27)/COUNT('Tỷ lệ'!B27:BR27) -> 0 | I27: =SUM('Tỷ lệ'!B27:BS27)/COUNT('Tỷ lệ'!B27:BS27) -> 0 | J27: =SUM('Tỷ lệ'!B27:BT27)/COUNT('Tỷ lệ'!B27:BT27) -> 0 | K27: =SUM('Tỷ lệ'!B27:BU27)/COUNT('Tỷ lệ'!B27:BU27) -> 0 | L27: =SUM('Tỷ lệ'!B27:BV27)/COUNT('Tỷ lệ'!B27:BV27) -> 0 | M27: =SUM('Tỷ lệ'!B27:BW27)/COUNT('Tỷ lệ'!B27:BW27) -> 0 | N27: =SUM('Tỷ lệ'!B27:BX27)/COUNT('Tỷ lệ'!B27:BX27) -> 0 | O27: =SUM('Tỷ lệ'!B27:BY27)/COUNT('Tỷ lệ'!B27:BY27) -> 0 | P27: =SUM('Tỷ lệ'!B27:BZ27)/COUNT('Tỷ lệ'!B27:BZ27) -> 0 | Q27: =SUM('Tỷ lệ'!B27:CA27)/COUNT('Tỷ lệ'!B27:CA27) -> 0 | R27: =SUM('Tỷ lệ'!B27:CB27)/COUNT('Tỷ lệ'!B27:CB27) -> 0 | S27: 0 | T27: 0 | U27: 0 | V27: 0 | W27: 0 | X27: 0 | Y27: 0 | Z27: 0 | AA27: 0 | AB27: 0 | AC27: 0 | AD27: 0 | AE27: 0 | AF27: 0 | AG27: 0 | AH27: 0 | AI27: 0 | AJ27: 0 | AK27: 0 | AL27: =SUM('Tỷ lệ'!B27:AK27)/COUNT('Tỷ lệ'!B27:AK27) -> 0 | AM27: 0 | AN27: 0 | AO27: =SUM('Tỷ lệ'!$BK$3:CX27)/COUNT('Tỷ lệ'!$BK$3:CX27) -> 0 | AP27: =SUM('Tỷ lệ'!$BK$3:CY27)/COUNT('Tỷ lệ'!$BK$3:CY27) -> 0 | AQ27: =SUM('Tỷ lệ'!$BK$3:CZ27)/COUNT('Tỷ lệ'!$BK$3:CZ27) -> 0 | AR27: =SUM('Tỷ lệ'!$BK$3:DA27)/COUNT('Tỷ lệ'!$BK$3:DA27) -> 0 | AS27: =SUM('Tỷ lệ'!$BK$3:DB27)/COUNT('Tỷ lệ'!$BK$3:DB27) -> 0 | AT27: =SUM('Tỷ lệ'!$BK$3:DC27)/COUNT('Tỷ lệ'!$BK$3:DC27) -> 0 | AU27: =SUM('Tỷ lệ'!$BK$3:DD27)/COUNT('Tỷ lệ'!$BK$3:DD27) -> 0 | AV27: =SUM('Tỷ lệ'!$BK$3:DE27)/COUNT('Tỷ lệ'!$BK$3:DE27) -> 0 | ... BF27: =SUM('Tỷ lệ'!$BK$3:DO27)/COUNT('Tỷ lệ'!$BK$3:DO27) -> 0 | BG27: 0 | BH27: 0 | BI27: 0 | BJ27: 0 | BK27: 0 | BL27: 0 | BM27: 0 | BN27: 0 | BO27: 0 | BP27: 0 | BQ27: 0
A28: NH TMCP Sài Gòn - Hà Nội (SHB) | B28: =SUM('Tỷ lệ'!B28:BL28)/COUNT('Tỷ lệ'!B28:BL28) -> 0 | C28: =SUM('Tỷ lệ'!B28:BM28)/COUNT('Tỷ lệ'!B28:BM28) -> 0 | D28: =SUM('Tỷ lệ'!B28:BN28)/COUNT('Tỷ lệ'!B28:BN28) -> 0 | E28: =SUM('Tỷ lệ'!B28:BO28)/COUNT('Tỷ lệ'!B28:BO28) -> 0 | F28: =SUM('Tỷ lệ'!B28:BP28)/COUNT('Tỷ lệ'!B28:BP28) -> 0 | G28: =SUM('Tỷ lệ'!B28:BQ28)/COUNT('Tỷ lệ'!B28:BQ28) -> 0 | H28: =SUM('Tỷ lệ'!B28:BR28)/COUNT('Tỷ lệ'!B28:BR28) -> 0 | I28: =SUM('Tỷ lệ'!B28:BS28)/COUNT('Tỷ lệ'!B28:BS28) -> 0 | J28: =SUM('Tỷ lệ'!B28:BT28)/COUNT('Tỷ lệ'!B28:BT28) -> 0 | K28: =SUM('Tỷ lệ'!B28:BU28)/COUNT('Tỷ lệ'!B28:BU28) -> 0 | L28: =SUM('Tỷ lệ'!B28:BV28)/COUNT('Tỷ lệ'!B28:BV28) -> 0 | M28: =SUM('Tỷ lệ'!B28:BW28)/COUNT('Tỷ lệ'!B28:BW28) -> 0 | N28: =SUM('Tỷ lệ'!B28:BX28)/COUNT('Tỷ lệ'!B28:BX28) -> 0 | O28: =SUM('Tỷ lệ'!B28:BY28)/COUNT('Tỷ lệ'!B28:BY28) -> 0 | P28: =SUM('Tỷ lệ'!B28:BZ28)/COUNT('Tỷ lệ'!B28:BZ28) -> 0 | Q28: =SUM('Tỷ lệ'!B28:CA28)/COUNT('Tỷ lệ'!B28:CA28) -> 0 | R28: =SUM('Tỷ lệ'!B28:CB28)/COUNT('Tỷ lệ'!B28:CB28) -> 0 | S28: 0 | T28: 0 | U28: 0 | V28: 0 | W28: 0 | X28: 0 | Y28: 0 | Z28: 0 | AA28: 0 | AB28: 0 | AC28: 0 | AD28: 0 | AE28: 0 | AF28: 0 | AG28: 0 | AH28: 0 | AI28: 0 | AJ28: 0 | AK28: 0 | AL28: =SUM('Tỷ lệ'!B28:AK28)/COUNT('Tỷ lệ'!B28:AK28) -> 0 | AM28: 0 | AN28: 0 | AO28: =SUM('Tỷ lệ'!$BK$3:CX28)/COUNT('Tỷ lệ'!$BK$3:CX28) -> 0 | AP28: =SUM('Tỷ lệ'!$BK$3:CY28)/COUNT('Tỷ lệ'!$BK$3:CY28) -> 0 | AQ28: =SUM('Tỷ lệ'!$BK$3:CZ28)/COUNT('Tỷ lệ'!$BK$3:CZ28) -> 0 | AR28: =SUM('Tỷ lệ'!$BK$3:DA28)/COUNT('Tỷ lệ'!$BK$3:DA28) -> 0 | AS28: =SUM('Tỷ lệ'!$BK$3:DB28)/COUNT('Tỷ lệ'!$BK$3:DB28) -> 0 | AT28: =SUM('Tỷ lệ'!$BK$3:DC28)/COUNT('Tỷ lệ'!$BK$3:DC28) -> 0 | AU28: =SUM('Tỷ lệ'!$BK$3:DD28)/COUNT('Tỷ lệ'!$BK$3:DD28) -> 0 | AV28: =SUM('Tỷ lệ'!$BK$3:DE28)/COUNT('Tỷ lệ'!$BK$3:DE28) -> 0 | ... BF28: =SUM('Tỷ lệ'!$BK$3:DO28)/COUNT('Tỷ lệ'!$BK$3:DO28) -> 0 | BG28: 0 | BH28: 0 | BI28: 0 | BJ28: 0 | BK28: 0 | BL28: 0 | BM28: 0 | BN28: 0 | BO28: 0 | BP28: 0 | BQ28: 0
A29: NH TMCP VN Thịnh Vượng (VPB) | B29: =SUM('Tỷ lệ'!B29:BL29)/COUNT('Tỷ lệ'!B29:BL29) -> 0 | C29: =SUM('Tỷ lệ'!B29:BM29)/COUNT('Tỷ lệ'!B29:BM29) -> 0 | D29: =SUM('Tỷ lệ'!B29:BN29)/COUNT('Tỷ lệ'!B29:BN29) -> 0 | E29: =SUM('Tỷ lệ'!B29:BO29)/COUNT('Tỷ lệ'!B29:BO29) -> 0 | F29: =SUM('Tỷ lệ'!B29:BP29)/COUNT('Tỷ lệ'!B29:BP29) -> 0 | G29: =SUM('Tỷ lệ'!B29:BQ29)/COUNT('Tỷ lệ'!B29:BQ29) -> 0 | H29: =SUM('Tỷ lệ'!B29:BR29)/COUNT('Tỷ lệ'!B29:BR29) -> 0 | I29: =SUM('Tỷ lệ'!B29:BS29)/COUNT('Tỷ lệ'!B29:BS29) -> 0 | J29: =SUM('Tỷ lệ'!B29:BT29)/COUNT('Tỷ lệ'!B29:BT29) -> 0 | K29: =SUM('Tỷ lệ'!B29:BU29)/COUNT('Tỷ lệ'!B29:BU29) -> 0 | L29: =SUM('Tỷ lệ'!B29:BV29)/COUNT('Tỷ lệ'!B29:BV29) -> 0 | M29: =SUM('Tỷ lệ'!B29:BW29)/COUNT('Tỷ lệ'!B29:BW29) -> 0 | N29: =SUM('Tỷ lệ'!B29:BX29)/COUNT('Tỷ lệ'!B29:BX29) -> 0 | O29: =SUM('Tỷ lệ'!B29:BY29)/COUNT('Tỷ lệ'!B29:BY29) -> 0 | P29: =SUM('Tỷ lệ'!B29:BZ29)/COUNT('Tỷ lệ'!B29:BZ29) -> 0 | Q29: =SUM('Tỷ lệ'!B29:CA29)/COUNT('Tỷ lệ'!B29:CA29) -> 0 | R29: =SUM('Tỷ lệ'!B29:CB29)/COUNT('Tỷ lệ'!B29:CB29) -> 0 | S29: 0 | T29: 0 | U29: 0 | V29: 0 | W29: 0 | X29: 0 | Y29: 0 | Z29: 0 | AA29: 0 | AB29: 0 | AC29: 0 | AD29: 0 | AE29: 0 | AF29: 0 | AG29: 0 | AH29: 0 | AI29: 0 | AJ29: 0 | AK29: 0 | AL29: =SUM('Tỷ lệ'!B29:AK29)/COUNT('Tỷ lệ'!B29:AK29) -> 0 | AM29: 0 | AN29: 0 | AO29: =SUM('Tỷ lệ'!$BK$3:CX29)/COUNT('Tỷ lệ'!$BK$3:CX29) -> 0 | AP29: =SUM('Tỷ lệ'!$BK$3:CY29)/COUNT('Tỷ lệ'!$BK$3:CY29) -> 0 | AQ29: =SUM('Tỷ lệ'!$BK$3:CZ29)/COUNT('Tỷ lệ'!$BK$3:CZ29) -> 0 | AR29: =SUM('Tỷ lệ'!$BK$3:DA29)/COUNT('Tỷ lệ'!$BK$3:DA29) -> 0 | AS29: =SUM('Tỷ lệ'!$BK$3:DB29)/COUNT('Tỷ lệ'!$BK$3:DB29) -> 0 | AT29: =SUM('Tỷ lệ'!$BK$3:DC29)/COUNT('Tỷ lệ'!$BK$3:DC29) -> 0 | AU29: =SUM('Tỷ lệ'!$BK$3:DD29)/COUNT('Tỷ lệ'!$BK$3:DD29) -> 0 | AV29: =SUM('Tỷ lệ'!$BK$3:DE29)/COUNT('Tỷ lệ'!$BK$3:DE29) -> 0 | ... BF29: =SUM('Tỷ lệ'!$BK$3:DO29)/COUNT('Tỷ lệ'!$BK$3:DO29) -> 0 | BG29: 0 | BH29: 0 | BI29: 0 | BJ29: 0 | BK29: 0 | BL29: 0 | BM29: 0 | BN29: 0 | BO29: 0 | BP29: 0 | BQ29: 0
A30: NH TMCP Tiên Phong (TPB) | B30: =SUM('Tỷ lệ'!B30:BL30)/COUNT('Tỷ lệ'!B30:BL30) -> 0 | C30: =SUM('Tỷ lệ'!B30:BM30)/COUNT('Tỷ lệ'!B30:BM30) -> 0 | D30: =SUM('Tỷ lệ'!B30:BN30)/COUNT('Tỷ lệ'!B30:BN30) -> 0 | E30: =SUM('Tỷ lệ'!B30:BO30)/COUNT('Tỷ lệ'!B30:BO30) -> 0 | F30: =SUM('Tỷ lệ'!B30:BP30)/COUNT('Tỷ lệ'!B30:BP30) -> 0 | G30: =SUM('Tỷ lệ'!B30:BQ30)/COUNT('Tỷ lệ'!B30:BQ30) -> 0 | H30: =SUM('Tỷ lệ'!B30:BR30)/COUNT('Tỷ lệ'!B30:BR30) -> 0 | I30: =SUM('Tỷ lệ'!B30:BS30)/COUNT('Tỷ lệ'!B30:BS30) -> 0 | J30: =SUM('Tỷ lệ'!B30:BT30)/COUNT('Tỷ lệ'!B30:BT30) -> 0 | K30: =SUM('Tỷ lệ'!B30:BU30)/COUNT('Tỷ lệ'!B30:BU30) -> 0 | L30: =SUM('Tỷ lệ'!B30:BV30)/COUNT('Tỷ lệ'!B30:BV30) -> 0 | M30: =SUM('Tỷ lệ'!B30:BW30)/COUNT('Tỷ lệ'!B30:BW30) -> 0 | N30: =SUM('Tỷ lệ'!B30:BX30)/COUNT('Tỷ lệ'!B30:BX30) -> 0 | O30: =SUM('Tỷ lệ'!B30:BY30)/COUNT('Tỷ lệ'!B30:BY30) -> 0 | P30: =SUM('Tỷ lệ'!B30:BZ30)/COUNT('Tỷ lệ'!B30:BZ30) -> 0 | Q30: =SUM('Tỷ lệ'!B30:CA30)/COUNT('Tỷ lệ'!B30:CA30) -> 0 | R30: =SUM('Tỷ lệ'!B30:CB30)/COUNT('Tỷ lệ'!B30:CB30) -> 0 | S30: 0 | T30: 0 | U30: 0 | V30: 0 | W30: 0 | X30: 0 | Y30: 0 | Z30: 0 | AA30: 0 | AB30: 0 | AC30: 0 | AD30: 0 | AE30: 0 | AF30: 0 | AG30: 0 | AH30: 0 | AI30: 0 | AJ30: 0 | AK30: 0 | AL30: =SUM('Tỷ lệ'!B30:AK30)/COUNT('Tỷ lệ'!B30:AK30) -> 0 | AM30: 0 | AN30: 0 | AO30: =SUM('Tỷ lệ'!$BK$3:CX30)/COUNT('Tỷ lệ'!$BK$3:CX30) -> 0 | AP30: =SUM('Tỷ lệ'!$BK$3:CY30)/COUNT('Tỷ lệ'!$BK$3:CY30) -> 0 | AQ30: =SUM('Tỷ lệ'!$BK$3:CZ30)/COUNT('Tỷ lệ'!$BK$3:CZ30) -> 0 | AR30: =SUM('Tỷ lệ'!$BK$3:DA30)/COUNT('Tỷ lệ'!$BK$3:DA30) -> 0 | AS30: =SUM('Tỷ lệ'!$BK$3:DB30)/COUNT('Tỷ lệ'!$BK$3:DB30) -> 0 | AT30: =SUM('Tỷ lệ'!$BK$3:DC30)/COUNT('Tỷ lệ'!$BK$3:DC30) -> 0 | AU30: =SUM('Tỷ lệ'!$BK$3:DD30)/COUNT('Tỷ lệ'!$BK$3:DD30) -> 0 | AV30: =SUM('Tỷ lệ'!$BK$3:DE30)/COUNT('Tỷ lệ'!$BK$3:DE30) -> 0 | ... BF30: =SUM('Tỷ lệ'!$BK$3:DO30)/COUNT('Tỷ lệ'!$BK$3:DO30) -> 0 | BG30: 0 | BH30: 0 | BI30: 0 | BJ30: 0 | BK30: 0 | BL30: 0 | BM30: 0 | BN30: 0 | BO30: 0 | BP30: 0 | BQ30: 0
A31: NH TMCP Ngoại thương VN (VCB) | B31: =SUM('Tỷ lệ'!B31:BL31)/COUNT('Tỷ lệ'!B31:BL31) -> 0 | C31: =SUM('Tỷ lệ'!B31:BM31)/COUNT('Tỷ lệ'!B31:BM31) -> 0 | D31: =SUM('Tỷ lệ'!B31:BN31)/COUNT('Tỷ lệ'!B31:BN31) -> 0 | E31: =SUM('Tỷ lệ'!B31:BO31)/COUNT('Tỷ lệ'!B31:BO31) -> 0 | F31: =SUM('Tỷ lệ'!B31:BP31)/COUNT('Tỷ lệ'!B31:BP31) -> 0 | G31: =SUM('Tỷ lệ'!B31:BQ31)/COUNT('Tỷ lệ'!B31:BQ31) -> 0 | H31: =SUM('Tỷ lệ'!B31:BR31)/COUNT('Tỷ lệ'!B31:BR31) -> 0 | I31: =SUM('Tỷ lệ'!B31:BS31)/COUNT('Tỷ lệ'!B31:BS31) -> 0 | J31: =SUM('Tỷ lệ'!B31:BT31)/COUNT('Tỷ lệ'!B31:BT31) -> 0 | K31: =SUM('Tỷ lệ'!B31:BU31)/COUNT('Tỷ lệ'!B31:BU31) -> 0 | L31: =SUM('Tỷ lệ'!B31:BV31)/COUNT('Tỷ lệ'!B31:BV31) -> 0 | M31: =SUM('Tỷ lệ'!B31:BW31)/COUNT('Tỷ lệ'!B31:BW31) -> 0 | N31: =SUM('Tỷ lệ'!B31:BX31)/COUNT('Tỷ lệ'!B31:BX31) -> 0 | O31: =SUM('Tỷ lệ'!B31:BY31)/COUNT('Tỷ lệ'!B31:BY31) -> 0 | P31: =SUM('Tỷ lệ'!B31:BZ31)/COUNT('Tỷ lệ'!B31:BZ31) -> 0 | Q31: =SUM('Tỷ lệ'!B31:CA31)/COUNT('Tỷ lệ'!B31:CA31) -> 0 | R31: =SUM('Tỷ lệ'!B31:CB31)/COUNT('Tỷ lệ'!B31:CB31) -> 0 | S31: 0 | T31: 0 | U31: 0 | V31: 0 | W31: 0 | X31: 0 | Y31: 0 | Z31: 0 | AA31: 0 | AB31: 0 | AC31: 0 | AD31: 0 | AE31: 0 | AF31: 0 | AG31: 0 | AH31: 0 | AI31: 0 | AJ31: 0 | AK31: 0 | AL31: =SUM('Tỷ lệ'!B31:AK31)/COUNT('Tỷ lệ'!B31:AK31) -> 0 | AM31: 0 | AN31: 0 | AO31: =SUM('Tỷ lệ'!$BK$3:CX31)/COUNT('Tỷ lệ'!$BK$3:CX31) -> 0 | AP31: =SUM('Tỷ lệ'!$BK$3:CY31)/COUNT('Tỷ lệ'!$BK$3:CY31) -> 0 | AQ31: =SUM('Tỷ lệ'!$BK$3:CZ31)/COUNT('Tỷ lệ'!$BK$3:CZ31) -> 0 | AR31: =SUM('Tỷ lệ'!$BK$3:DA31)/COUNT('Tỷ lệ'!$BK$3:DA31) -> 0 | AS31: =SUM('Tỷ lệ'!$BK$3:DB31)/COUNT('Tỷ lệ'!$BK$3:DB31) -> 0 | AT31: =SUM('Tỷ lệ'!$BK$3:DC31)/COUNT('Tỷ lệ'!$BK$3:DC31) -> 0 | AU31: =SUM('Tỷ lệ'!$BK$3:DD31)/COUNT('Tỷ lệ'!$BK$3:DD31) -> 0 | AV31: =SUM('Tỷ lệ'!$BK$3:DE31)/COUNT('Tỷ lệ'!$BK$3:DE31) -> 0 | ... BF31: =SUM('Tỷ lệ'!$BK$3:DO31)/COUNT('Tỷ lệ'!$BK$3:DO31) -> 0 | BG31: 0 | BH31: 0 | BI31: 0 | BJ31: 0 | BK31: 0 | BL31: 0 | BM31: 0 | BN31: 0 | BO31: 0 | BP31: 0 | BQ31: 0
A32: NH TMCP Việt Á | B32: =SUM('Tỷ lệ'!B32:BL32)/COUNT('Tỷ lệ'!B32:BL32) -> 0 | C32: =SUM('Tỷ lệ'!B32:BM32)/COUNT('Tỷ lệ'!B32:BM32) -> 0 | D32: =SUM('Tỷ lệ'!B32:BN32)/COUNT('Tỷ lệ'!B32:BN32) -> 0 | E32: =SUM('Tỷ lệ'!B32:BO32)/COUNT('Tỷ lệ'!B32:BO32) -> 0 | F32: =SUM('Tỷ lệ'!B32:BP32)/COUNT('Tỷ lệ'!B32:BP32) -> 0 | G32: =SUM('Tỷ lệ'!B32:BQ32)/COUNT('Tỷ lệ'!B32:BQ32) -> 0 | H32: =SUM('Tỷ lệ'!B32:BR32)/COUNT('Tỷ lệ'!B32:BR32) -> 0 | I32: =SUM('Tỷ lệ'!B32:BS32)/COUNT('Tỷ lệ'!B32:BS32) -> 0 | J32: =SUM('Tỷ lệ'!B32:BT32)/COUNT('Tỷ lệ'!B32:BT32) -> 0 | K32: =SUM('Tỷ lệ'!B32:BU32)/COUNT('Tỷ lệ'!B32:BU32) -> 0 | L32: =SUM('Tỷ lệ'!B32:BV32)/COUNT('Tỷ lệ'!B32:BV32) -> 0 | M32: =SUM('Tỷ lệ'!B32:BW32)/COUNT('Tỷ lệ'!B32:BW32) -> 0 | N32: =SUM('Tỷ lệ'!B32:BX32)/COUNT('Tỷ lệ'!B32:BX32) -> 0 | O32: =SUM('Tỷ lệ'!B32:BY32)/COUNT('Tỷ lệ'!B32:BY32) -> 0 | P32: =SUM('Tỷ lệ'!B32:BZ32)/COUNT('Tỷ lệ'!B32:BZ32) -> 0 | Q32: =SUM('Tỷ lệ'!B32:CA32)/COUNT('Tỷ lệ'!B32:CA32) -> 0 | R32: =SUM('Tỷ lệ'!B32:CB32)/COUNT('Tỷ lệ'!B32:CB32) -> 0 | S32: 0 | T32: 0 | U32: 0 | V32: 0 | W32: 0 | X32: 0 | Y32: 0 | Z32: 0 | AA32: 0 | AB32: 0 | AC32: 0 | AD32: 0 | AE32: 0 | AF32: 0 | AG32: 0 | AH32: 0 | AI32: 0 | AJ32: 0 | AK32: 0 | AL32: =SUM('Tỷ lệ'!B32:AK32)/COUNT('Tỷ lệ'!B32:AK32) -> 0 | AM32: 0 | AN32: 0 | AO32: =SUM('Tỷ lệ'!$BK$3:CX32)/COUNT('Tỷ lệ'!$BK$3:CX32) -> 0 | AP32: =SUM('Tỷ lệ'!$BK$3:CY32)/COUNT('Tỷ lệ'!$BK$3:CY32) -> 0 | AQ32: =SUM('Tỷ lệ'!$BK$3:CZ32)/COUNT('Tỷ lệ'!$BK$3:CZ32) -> 0 | AR32: =SUM('Tỷ lệ'!$BK$3:DA32)/COUNT('Tỷ lệ'!$BK$3:DA32) -> 0 | AS32: =SUM('Tỷ lệ'!$BK$3:DB32)/COUNT('Tỷ lệ'!$BK$3:DB32) -> 0 | AT32: =SUM('Tỷ lệ'!$BK$3:DC32)/COUNT('Tỷ lệ'!$BK$3:DC32) -> 0 | AU32: =SUM('Tỷ lệ'!$BK$3:DD32)/COUNT('Tỷ lệ'!$BK$3:DD32) -> 0 | AV32: =SUM('Tỷ lệ'!$BK$3:DE32)/COUNT('Tỷ lệ'!$BK$3:DE32) -> 0 | ... BF32: =SUM('Tỷ lệ'!$BK$3:DO32)/COUNT('Tỷ lệ'!$BK$3:DO32) -> 0 | BG32: 0 | BH32: 0 | BI32: 0 | BJ32: 0 | BK32: 0 | BL32: 0 | BM32: 0 | BN32: 0 | BO32: 0 | BP32: 0 | BQ32: 0
A33: NH TMCP Việt Nam Thương Tín | B33: =SUM('Tỷ lệ'!B33:BL33)/COUNT('Tỷ lệ'!B33:BL33) -> 0 | C33: =SUM('Tỷ lệ'!B33:BM33)/COUNT('Tỷ lệ'!B33:BM33) -> 0 | D33: =SUM('Tỷ lệ'!B33:BN33)/COUNT('Tỷ lệ'!B33:BN33) -> 0 | E33: =SUM('Tỷ lệ'!B33:BO33)/COUNT('Tỷ lệ'!B33:BO33) -> 0 | F33: =SUM('Tỷ lệ'!B33:BP33)/COUNT('Tỷ lệ'!B33:BP33) -> 0 | G33: =SUM('Tỷ lệ'!B33:BQ33)/COUNT('Tỷ lệ'!B33:BQ33) -> 0 | H33: =SUM('Tỷ lệ'!B33:BR33)/COUNT('Tỷ lệ'!B33:BR33) -> 0 | I33: =SUM('Tỷ lệ'!B33:BS33)/COUNT('Tỷ lệ'!B33:BS33) -> 0 | J33: =SUM('Tỷ lệ'!B33:BT33)/COUNT('Tỷ lệ'!B33:BT33) -> 0 | K33: =SUM('Tỷ lệ'!B33:BU33)/COUNT('Tỷ lệ'!B33:BU33) -> 0 | L33: =SUM('Tỷ lệ'!B33:BV33)/COUNT('Tỷ lệ'!B33:BV33) -> 0 | M33: =SUM('Tỷ lệ'!B33:BW33)/COUNT('Tỷ lệ'!B33:BW33) -> 0 | N33: =SUM('Tỷ lệ'!B33:BX33)/COUNT('Tỷ lệ'!B33:BX33) -> 0 | O33: =SUM('Tỷ lệ'!B33:BY33)/COUNT('Tỷ lệ'!B33:BY33) -> 0 | P33: =SUM('Tỷ lệ'!B33:BZ33)/COUNT('Tỷ lệ'!B33:BZ33) -> 0 | Q33: =SUM('Tỷ lệ'!B33:CA33)/COUNT('Tỷ lệ'!B33:CA33) -> 0 | R33: =SUM('Tỷ lệ'!B33:CB33)/COUNT('Tỷ lệ'!B33:CB33) -> 0 | S33: 0 | T33: 0 | U33: 0 | V33: 0 | W33: 0 | X33: 0 | Y33: 0 | Z33: 0 | AA33: 0 | AB33: 0 | AC33: 0 | AD33: 0 | AE33: 0 | AF33: 0 | AG33: 0 | AH33: 0 | AI33: 0 | AJ33: 0 | AK33: 0 | AL33: =SUM('Tỷ lệ'!B33:AK33)/COUNT('Tỷ lệ'!B33:AK33) -> 0 | AM33: 0 | AN33: 0 | AO33: =SUM('Tỷ lệ'!$BK$3:CX33)/COUNT('Tỷ lệ'!$BK$3:CX33) -> 0 | AP33: =SUM('Tỷ lệ'!$BK$3:CY33)/COUNT('Tỷ lệ'!$BK$3:CY33) -> 0 | AQ33: =SUM('Tỷ lệ'!$BK$3:CZ33)/COUNT('Tỷ lệ'!$BK$3:CZ33) -> 0 | AR33: =SUM('Tỷ lệ'!$BK$3:DA33)/COUNT('Tỷ lệ'!$BK$3:DA33) -> 0 | AS33: =SUM('Tỷ lệ'!$BK$3:DB33)/COUNT('Tỷ lệ'!$BK$3:DB33) -> 0 | AT33: =SUM('Tỷ lệ'!$BK$3:DC33)/COUNT('Tỷ lệ'!$BK$3:DC33) -> 0 | AU33: =SUM('Tỷ lệ'!$BK$3:DD33)/COUNT('Tỷ lệ'!$BK$3:DD33) -> 0 | AV33: =SUM('Tỷ lệ'!$BK$3:DE33)/COUNT('Tỷ lệ'!$BK$3:DE33) -> 0 | ... BF33: =SUM('Tỷ lệ'!$BK$3:DO33)/COUNT('Tỷ lệ'!$BK$3:DO33) -> 0 | BG33: 0 | BH33: 0 | BI33: 0 | BJ33: 0 | BK33: 0 | BL33: 0 | BM33: 0 | BN33: 0 | BO33: 0 | BP33: 0 | BQ33: 0
A34: NH TMCP Công thương VN (Vietinbank) | B34: =SUM('Tỷ lệ'!B34:BL34)/COUNT('Tỷ lệ'!B34:BL34) -> 0 | C34: =SUM('Tỷ lệ'!B34:BM34)/COUNT('Tỷ lệ'!B34:BM34) -> 0 | D34: =SUM('Tỷ lệ'!B34:BN34)/COUNT('Tỷ lệ'!B34:BN34) -> 0 | E34: =SUM('Tỷ lệ'!B34:BO34)/COUNT('Tỷ lệ'!B34:BO34) -> 0 | F34: =SUM('Tỷ lệ'!B34:BP34)/COUNT('Tỷ lệ'!B34:BP34) -> 0 | G34: =SUM('Tỷ lệ'!B34:BQ34)/COUNT('Tỷ lệ'!B34:BQ34) -> 0 | H34: =SUM('Tỷ lệ'!B34:BR34)/COUNT('Tỷ lệ'!B34:BR34) -> 0 | I34: =SUM('Tỷ lệ'!B34:BS34)/COUNT('Tỷ lệ'!B34:BS34) -> 0 | J34: =SUM('Tỷ lệ'!B34:BT34)/COUNT('Tỷ lệ'!B34:BT34) -> 0 | K34: =SUM('Tỷ lệ'!B34:BU34)/COUNT('Tỷ lệ'!B34:BU34) -> 0 | L34: =SUM('Tỷ lệ'!B34:BV34)/COUNT('Tỷ lệ'!B34:BV34) -> 0 | M34: =SUM('Tỷ lệ'!B34:BW34)/COUNT('Tỷ lệ'!B34:BW34) -> 0 | N34: =SUM('Tỷ lệ'!B34:BX34)/COUNT('Tỷ lệ'!B34:BX34) -> 0 | O34: =SUM('Tỷ lệ'!B34:BY34)/COUNT('Tỷ lệ'!B34:BY34) -> 0 | P34: =SUM('Tỷ lệ'!B34:BZ34)/COUNT('Tỷ lệ'!B34:BZ34) -> 0 | Q34: =SUM('Tỷ lệ'!B34:CA34)/COUNT('Tỷ lệ'!B34:CA34) -> 0 | R34: =SUM('Tỷ lệ'!B34:CB34)/COUNT('Tỷ lệ'!B34:CB34) -> 0 | S34: 0 | T34: 0 | U34: 0 | V34: 0 | W34: 0 | X34: 0 | Y34: 0 | Z34: 0 | AA34: 0 | AB34: 0 | AC34: 0 | AD34: 0 | AE34: 0 | AF34: 0 | AG34: 0 | AH34: 0 | AI34: 0 | AJ34: 0 | AK34: 0 | AL34: =SUM('Tỷ lệ'!B34:AK34)/COUNT('Tỷ lệ'!B34:AK34) -> 0 | AM34: 0 | AN34: 0 | AO34: =SUM('Tỷ lệ'!$BK$3:CX34)/COUNT('Tỷ lệ'!$BK$3:CX34) -> 0 | AP34: =SUM('Tỷ lệ'!$BK$3:CY34)/COUNT('Tỷ lệ'!$BK$3:CY34) -> 0 | AQ34: =SUM('Tỷ lệ'!$BK$3:CZ34)/COUNT('Tỷ lệ'!$BK$3:CZ34) -> 0 | AR34: =SUM('Tỷ lệ'!$BK$3:DA34)/COUNT('Tỷ lệ'!$BK$3:DA34) -> 0 | AS34: =SUM('Tỷ lệ'!$BK$3:DB34)/COUNT('Tỷ lệ'!$BK$3:DB34) -> 0 | AT34: =SUM('Tỷ lệ'!$BK$3:DC34)/COUNT('Tỷ lệ'!$BK$3:DC34) -> 0 | AU34: =SUM('Tỷ lệ'!$BK$3:DD34)/COUNT('Tỷ lệ'!$BK$3:DD34) -> 0 | AV34: =SUM('Tỷ lệ'!$BK$3:DE34)/COUNT('Tỷ lệ'!$BK$3:DE34) -> 0 | ... BF34: =SUM('Tỷ lệ'!$BK$3:DO34)/COUNT('Tỷ lệ'!$BK$3:DO34) -> 0 | BG34: 0 | BH34: 0 | BI34: 0 | BJ34: 0 | BK34: 0 | BL34: 0 | BM34: 0 | BN34: 0 | BO34: 0 | BP34: 0 | BQ34: 0
A35: BaoViet Bank | B35: =SUM('Tỷ lệ'!B35:BL35)/COUNT('Tỷ lệ'!B35:BL35) -> 0 | C35: =SUM('Tỷ lệ'!B35:BM35)/COUNT('Tỷ lệ'!B35:BM35) -> 0 | D35: =SUM('Tỷ lệ'!B35:BN35)/COUNT('Tỷ lệ'!B35:BN35) -> 0 | E35: =SUM('Tỷ lệ'!B35:BO35)/COUNT('Tỷ lệ'!B35:BO35) -> 0 | F35: =SUM('Tỷ lệ'!B35:BP35)/COUNT('Tỷ lệ'!B35:BP35) -> 0 | G35: =SUM('Tỷ lệ'!B35:BQ35)/COUNT('Tỷ lệ'!B35:BQ35) -> 0 | H35: =SUM('Tỷ lệ'!B35:BR35)/COUNT('Tỷ lệ'!B35:BR35) -> 0 | I35: =SUM('Tỷ lệ'!B35:BS35)/COUNT('Tỷ lệ'!B35:BS35) -> 0 | J35: =SUM('Tỷ lệ'!B35:BT35)/COUNT('Tỷ lệ'!B35:BT35) -> 0 | K35: =SUM('Tỷ lệ'!B35:BU35)/COUNT('Tỷ lệ'!B35:BU35) -> 0 | L35: =SUM('Tỷ lệ'!B35:BV35)/COUNT('Tỷ lệ'!B35:BV35) -> 0 | M35: =SUM('Tỷ lệ'!B35:BW35)/COUNT('Tỷ lệ'!B35:BW35) -> 0 | N35: =SUM('Tỷ lệ'!B35:BX35)/COUNT('Tỷ lệ'!B35:BX35) -> 0 | O35: =SUM('Tỷ lệ'!B35:BY35)/COUNT('Tỷ lệ'!B35:BY35) -> 0 | P35: =SUM('Tỷ lệ'!B35:BZ35)/COUNT('Tỷ lệ'!B35:BZ35) -> 0 | Q35: =SUM('Tỷ lệ'!B35:CA35)/COUNT('Tỷ lệ'!B35:CA35) -> 0 | R35: =SUM('Tỷ lệ'!B35:CB35)/COUNT('Tỷ lệ'!B35:CB35) -> 0 | S35: 0 | T35: 0 | U35: 0 | V35: 0 | W35: 0 | X35: 0 | Y35: 0 | Z35: 0 | AA35: 0 | AB35: 0 | AC35: 0 | AD35: 0 | AE35: 0 | AF35: 0 | AG35: 0 | AH35: 0 | AI35: 0 | AJ35: 0 | AK35: 0 | AL35: =SUM('Tỷ lệ'!B35:AK35)/COUNT('Tỷ lệ'!B35:AK35) -> 0 | AM35: 0 | AN35: 0 | AO35: =SUM('Tỷ lệ'!$BK$3:CX35)/COUNT('Tỷ lệ'!$BK$3:CX35) -> 0 | AP35: =SUM('Tỷ lệ'!$BK$3:CY35)/COUNT('Tỷ lệ'!$BK$3:CY35) -> 0 | AQ35: =SUM('Tỷ lệ'!$BK$3:CZ35)/COUNT('Tỷ lệ'!$BK$3:CZ35) -> 0 | AR35: =SUM('Tỷ lệ'!$BK$3:DA35)/COUNT('Tỷ lệ'!$BK$3:DA35) -> 0 | AS35: =SUM('Tỷ lệ'!$BK$3:DB35)/COUNT('Tỷ lệ'!$BK$3:DB35) -> 0 | AT35: =SUM('Tỷ lệ'!$BK$3:DC35)/COUNT('Tỷ lệ'!$BK$3:DC35) -> 0 | AU35: =SUM('Tỷ lệ'!$BK$3:DD35)/COUNT('Tỷ lệ'!$BK$3:DD35) -> 0 | AV35: =SUM('Tỷ lệ'!$BK$3:DE35)/COUNT('Tỷ lệ'!$BK$3:DE35) -> 0 | ... BF35: =SUM('Tỷ lệ'!$BK$3:DO35)/COUNT('Tỷ lệ'!$BK$3:DO35) -> 0 | BG35: 0 | BH35: 0 | BI35: 0 | BJ35: 0 | BK35: 0 | BL35: 0 | BM35: 0 | BN35: 0 | BO35: 0 | BP35: 0 | BQ35: 0

Sheet Tỷ lệ
A1: Tên khách hàng
B2: 45597 | C2: 45598 | D2: 45599 | E2: 45600 | F2: 45601 | G2: 45602 | H2: 45603 | I2: 45604 | J2: 45605 | K2: 45606 | L2: 45607 | M2: 45608 | N2: 45609 | O2: 45610 | P2: 45611 | Q2: 45612 | R2: 45613 | S2: 45614 | T2: 45615 | U2: 45616 | V2: 45617 | W2: 45618 | X2: 45619 | Y2: 45620 | Z2: 45621 | AA2: 45622 | AB2: 45623 | AC2: 45624 | AD2: 45625 | AE2: 45626 | AF2: 45627 | AG2: 45628 | AH2: 45629 | AI2: 45630 | AJ2: 45631 | AK2: 45632 | AL2: 45633 | AM2: 45634 | AN2: 45635 | AO2: 45636 | AP2: 45637 | AQ2: 45638 | AR2: 45639 | AS2: 45640 | AT2: 45641 | AU2: 45642 | AV2: 45643 | AW2: 45644 | AX2: 45645 | AY2: 45646 | AZ2: 45647 | BA2: 45648 | BB2: 45649 | BC2: 45650 | BD2: 45651 | BE2: 45652 | BF2: 45653 | BG2: 45654 | BH2: 45655 | BI2: 45656 | BJ2: 45657 | BK2: ='Giá trị'!BK2 -> 45659 | BL2: ='Giá trị'!BL2 -> 45660 | BM2: ='Giá trị'!BM2 -> 45663 | BN2: ='Giá trị'!BN2 -> 45664 | BO2: ='Giá trị'!BO2 -> 45665 | BP2: ='Giá trị'!BP2 -> 45666 | BQ2: ='Giá trị'!BQ2 -> 45667 | BR2: ='Giá trị'!BR2 -> 45670 | ... DZ2: ='Giá trị'!DZ2 -> 45763 | EA2: Ngày báo cáo (T-1)
A3: NH NN&PTNT VN (Agribank) | B3: =IF('Giá trị'!B3=0,0%,'Giá trị'!B3/'Giá trị'!B$36) -> 0 | C3: =IF('Giá trị'!C3=0,0%,'Giá trị'!C3/'Giá trị'!C$36) -> 0 | D3: =IF('Giá trị'!D3=0,0%,'Giá trị'!D3/'Giá trị'!D$36) -> 0 | E3: =IF('Giá trị'!E3=0,0%,'Giá trị'!E3/'Giá trị'!E$36) -> 0 | F3: =IF('Giá trị'!F3=0,0%,'Giá trị'!F3/'Giá trị'!F$36) -> 0 | G3: =IF('Giá trị'!G3=0,0%,'Giá trị'!G3/'Giá trị'!G$36) -> 0 | H3: =IF('Giá trị'!H3=0,0%,'Giá trị'!H3/'Giá trị'!H$36) -> 0 | I3: =IF('Giá trị'!I3=0,0%,'Giá trị'!I3/'Giá trị'!I$36) -> 0 | ... DZ3: =IF('Giá trị'!DZ3=0,0%,'Giá trị'!DZ3/'Giá trị'!DZ$36) -> 0 | EA3: = Giá trị giao dịch tại Sheet "Giá trị" của từng đối tác / Tổng giá trị giao dịch trong ngày
A4: NH TMCP An Bình (ABB) | B4: =IF('Giá trị'!B4=0,0%,'Giá trị'!B4/'Giá trị'!B$36) -> 0 | C4: =IF('Giá trị'!C4=0,0%,'Giá trị'!C4/'Giá trị'!C$36) -> 0 | D4: =IF('Giá trị'!D4=0,0%,'Giá trị'!D4/'Giá trị'!D$36) -> 0 | E4: =IF('Giá trị'!E4=0,0%,'Giá trị'!E4/'Giá trị'!E$36) -> 0 | F4: =IF('Giá trị'!F4=0,0%,'Giá trị'!F4/'Giá trị'!F$36) -> 0 | G4: =IF('Giá trị'!G4=0,0%,'Giá trị'!G4/'Giá trị'!G$36) -> 0 | H4: =IF('Giá trị'!H4=0,0%,'Giá trị'!H4/'Giá trị'!H$36) -> 0 | I4: =IF('Giá trị'!I4=0,0%,'Giá trị'!I4/'Giá trị'!I$36) -> 0 | ... DZ4: =IF('Giá trị'!DZ4=0,0%,'Giá trị'!DZ4/'Giá trị'!DZ$36) -> 0
A5: NH TMCP Bắc Á | B5: =IF('Giá trị'!B5=0,0%,'Giá trị'!B5/'Giá trị'!B$36) -> 0 | C5: =IF('Giá trị'!C5=0,0%,'Giá trị'!C5/'Giá trị'!C$36) -> 0 | D5: =IF('Giá trị'!D5=0,0%,'Giá trị'!D5/'Giá trị'!D$36) -> 0 | E5: =IF('Giá trị'!E5=0,0%,'Giá trị'!E5/'Giá trị'!E$36) -> 0 | F5: =IF('Giá trị'!F5=0,0%,'Giá trị'!F5/'Giá trị'!F$36) -> 0 | G5: =IF('Giá trị'!G5=0,0%,'Giá trị'!G5/'Giá trị'!G$36) -> 0 | H5: =IF('Giá trị'!H5=0,0%,'Giá trị'!H5/'Giá trị'!H$36) -> 0 | I5: =IF('Giá trị'!I5=0,0%,'Giá trị'!I5/'Giá trị'!I$36) -> 0 | ... DZ5: =IF('Giá trị'!DZ5=0,0%,'Giá trị'!DZ5/'Giá trị'!DZ$36) -> 0
A6: NH TMCP Bản Việt | B6: =IF('Giá trị'!B6=0,0%,'Giá trị'!B6/'Giá trị'!B$36) -> 0 | C6: =IF('Giá trị'!C6=0,0%,'Giá trị'!C6/'Giá trị'!C$36) -> 0 | D6: =IF('Giá trị'!D6=0,0%,'Giá trị'!D6/'Giá trị'!D$36) -> 0 | E6: =IF('Giá trị'!E6=0,0%,'Giá trị'!E6/'Giá trị'!E$36) -> 0 | F6: =IF('Giá trị'!F6=0,0%,'Giá trị'!F6/'Giá trị'!F$36) -> 0 | G6: =IF('Giá trị'!G6=0,0%,'Giá trị'!G6/'Giá trị'!G$36) -> 0 | H6: =IF('Giá trị'!H6=0,0%,'Giá trị'!H6/'Giá trị'!H$36) -> 0 | I6: =IF('Giá trị'!I6=0,0%,'Giá trị'!I6/'Giá trị'!I$36) -> 0 | ... DZ6: =IF('Giá trị'!DZ6=0,0%,'Giá trị'!DZ6/'Giá trị'!DZ$36) -> 0
A7: NH TMCP Đầu tư và Phát triển VN (BIDV) | B7: =IF('Giá trị'!B7=0,0%,'Giá trị'!B7/'Giá trị'!B$36) -> 0 | C7: =IF('Giá trị'!C7=0,0%,'Giá trị'!C7/'Giá trị'!C$36) -> 0 | D7: =IF('Giá trị'!D7=0,0%,'Giá trị'!D7/'Giá trị'!D$36) -> 0 | E7: =IF('Giá trị'!E7=0,0%,'Giá trị'!E7/'Giá trị'!E$36) -> 0 | F7: =IF('Giá trị'!F7=0,0%,'Giá trị'!F7/'Giá trị'!F$36) -> 0 | G7: =IF('Giá trị'!G7=0,0%,'Giá trị'!G7/'Giá trị'!G$36) -> 0 | H7: =IF('Giá trị'!H7=0,0%,'Giá trị'!H7/'Giá trị'!H$36) -> 0 | I7: =IF('Giá trị'!I7=0,0%,'Giá trị'!I7/'Giá trị'!I$36) -> 0 | ... DZ7: =IF('Giá trị'!DZ7=0,0%,'Giá trị'!DZ7/'Giá trị'!DZ$36) -> 0
A8: Công ty tài chính cổ phần Điện lực (EVNFC) | B8: =IF('Giá trị'!B8=0,0%,'Giá trị'!B8/'Giá trị'!B$36) -> 0 | C8: =IF('Giá trị'!C8=0,0%,'Giá trị'!C8/'Giá trị'!C$36) -> 0 | D8: =IF('Giá trị'!D8=0,0%,'Giá trị'!D8/'Giá trị'!D$36) -> 0 | E8: =IF('Giá trị'!E8=0,0%,'Giá trị'!E8/'Giá trị'!E$36) -> 0 | F8: =IF('Giá trị'!F8=0,0%,'Giá trị'!F8/'Giá trị'!F$36) -> 0 | G8: =IF('Giá trị'!G8=0,0%,'Giá trị'!G8/'Giá trị'!G$36) -> 0 | H8: =IF('Giá trị'!H8=0,0%,'Giá trị'!H8/'Giá trị'!H$36) -> 0 | I8: =IF('Giá trị'!I8=0,0%,'Giá trị'!I8/'Giá trị'!I$36) -> 0 | ... DZ8: =IF('Giá trị'!DZ8=0,0%,'Giá trị'!DZ8/'Giá trị'!DZ$36) -> 0
A9: Công ty Tài Chính Cổ phần Tín Việt (VietCredit) | B9: =IF('Giá trị'!B9=0,0%,'Giá trị'!B9/'Giá trị'!B$36) -> 0 | C9: =IF('Giá trị'!C9=0,0%,'Giá trị'!C9/'Giá trị'!C$36) -> 0 | D9: =IF('Giá trị'!D9=0,0%,'Giá trị'!D9/'Giá trị'!D$36) -> 0 | E9: =IF('Giá trị'!E9=0,0%,'Giá trị'!E9/'Giá trị'!E$36) -> 0 | F9: =IF('Giá trị'!F9=0,0%,'Giá trị'!F9/'Giá trị'!F$36) -> 0 | G9: =IF('Giá trị'!G9=0,0%,'Giá trị'!G9/'Giá trị'!G$36) -> 0 | H9: =IF('Giá trị'!H9=0,0%,'Giá trị'!H9/'Giá trị'!H$36) -> 0 | I9: =IF('Giá trị'!I9=0,0%,'Giá trị'!I9/'Giá trị'!I$36) -> 0 | ... DZ9: =IF('Giá trị'!DZ9=0,0%,'Giá trị'!DZ9/'Giá trị'!DZ$36) -> 0
A10: Công ty Tài chính TNHH HD SaiSon (HDSS) | B10: =IF('Giá trị'!B10=0,0%,'Giá trị'!B10/'Giá trị'!B$36) -> 0 | C10: =IF('Giá trị'!C10=0,0%,'Giá trị'!C10/'Giá trị'!C$36) -> 0 | D10: =IF('Giá trị'!D10=0,0%,'Giá trị'!D10/'Giá trị'!D$36) -> 0 | E10: =IF('Giá trị'!E10=0,0%,'Giá trị'!E10/'Giá trị'!E$36) -> 0 | F10: =IF('Giá trị'!F10=0,0%,'Giá trị'!F10/'Giá trị'!F$36) -> 0 | G10: =IF('Giá trị'!G10=0,0%,'Giá trị'!G10/'Giá trị'!G$36) -> 0 | H10: =IF('Giá trị'!H10=0,0%,'Giá trị'!H10/'Giá trị'!H$36) -> 0 | I10: =IF('Giá trị'!I10=0,0%,'Giá trị'!I10/'Giá trị'!I$36) -> 0 | ... DZ10: =IF('Giá trị'!DZ10=0,0%,'Giá trị'!DZ10/'Giá trị'!DZ$36) -> 0
A11: Công ty tài chính TNHH MTV Home Credit VN (HCVN) | B11: =IF('Giá trị'!B11=0,0%,'Giá trị'!B11/'Giá trị'!B$36) -> 0 | C11: =IF('Giá trị'!C11=0,0%,'Giá trị'!C11/'Giá trị'!C$36) -> 0 | D11: =IF('Giá trị'!D11=0,0%,'Giá trị'!D11/'Giá trị'!D$36) -> 0 | E11: =IF('Giá trị'!E11=0,0%,'Giá trị'!E11/'Giá trị'!E$36) -> 0 | F11: =IF('Giá trị'!F11=0,0%,'Giá trị'!F11/'Giá trị'!F$36) -> 0 | G11: =IF('Giá trị'!G11=0,0%,'Giá trị'!G11/'Giá trị'!G$36) -> 0 | H11: =IF('Giá trị'!H11=0,0%,'Giá trị'!H11/'Giá trị'!H$36) -> 0 | I11: =IF('Giá trị'!I11=0,0%,'Giá trị'!I11/'Giá trị'!I$36) -> 0 | ... DZ11: =IF('Giá trị'!DZ11=0,0%,'Giá trị'!DZ11/'Giá trị'!DZ$36) -> 0
A12: Công ty tài chính TNHH MTV Ngân hàng TMCP Sài Gòn-Hà Nội (SHBF) | B12: =IF('Giá trị'!B12=0,0%,'Giá trị'!B12/'Giá trị'!B$36) -> 0 | C12: =IF('Giá trị'!C12=0,0%,'Giá trị'!C12/'Giá trị'!C$36) -> 0 | D12: =IF('Giá trị'!D12=0,0%,'Giá trị'!D12/'Giá trị'!D$36) -> 0 | E12: =IF('Giá trị'!E12=0,0%,'Giá trị'!E12/'Giá trị'!E$36) -> 0 | F12: =IF('Giá trị'!F12=0,0%,'Giá trị'!F12/'Giá trị'!F$36) -> 0 | G12: =IF('Giá trị'!G12=0,0%,'Giá trị'!G12/'Giá trị'!G$36) -> 0 | H12: =IF('Giá trị'!H12=0,0%,'Giá trị'!H12/'Giá trị'!H$36) -> 0 | I12: =IF('Giá trị'!I12=0,0%,'Giá trị'!I12/'Giá trị'!I$36) -> 0 | ... DZ12: =IF('Giá trị'!DZ12=0,0%,'Giá trị'!DZ12/'Giá trị'!DZ$36) -> 0
A13: Công ty tài chính TNHH MB Shinsei (Mcredit) | B13: =IF('Giá trị'!B13=0,0%,'Giá trị'!B13/'Giá trị'!B$36) -> 0 | C13: =IF('Giá trị'!C13=0,0%,'Giá trị'!C13/'Giá trị'!C$36) -> 0 | D13: =IF('Giá trị'!D13=0,0%,'Giá trị'!D13/'Giá trị'!D$36) -> 0 | E13: =IF('Giá trị'!E13=0,0%,'Giá trị'!E13/'Giá trị'!E$36) -> 0 | F13: =IF('Giá trị'!F13=0,0%,'Giá trị'!F13/'Giá trị'!F$36) -> 0 | G13: =IF('Giá trị'!G13=0,0%,'Giá trị'!G13/'Giá trị'!G$36) -> 0 | H13: =IF('Giá trị'!H13=0,0%,'Giá trị'!H13/'Giá trị'!H$36) -> 0 | I13: =IF('Giá trị'!I13=0,0%,'Giá trị'!I13/'Giá trị'!I$36) -> 0 | ... DZ13: =IF('Giá trị'!DZ13=0,0%,'Giá trị'!DZ13/'Giá trị'!DZ$36) -> 0
A14: NH TMCP Đại Chúng VN (PVC) | B14: =IF('Giá trị'!B14=0,0%,'Giá trị'!B14/'Giá trị'!B$36) -> 0 | C14: =IF('Giá trị'!C14=0,0%,'Giá trị'!C14/'Giá trị'!C$36) -> 0 | D14: =IF('Giá trị'!D14=0,0%,'Giá trị'!D14/'Giá trị'!D$36) -> 0 | E14: =IF('Giá trị'!E14=0,0%,'Giá trị'!E14/'Giá trị'!E$36) -> 0 | F14: =IF('Giá trị'!F14=0,0%,'Giá trị'!F14/'Giá trị'!F$36) -> 0 | G14: =IF('Giá trị'!G14=0,0%,'Giá trị'!G14/'Giá trị'!G$36) -> 0 | H14: =IF('Giá trị'!H14=0,0%,'Giá trị'!H14/'Giá trị'!H$36) -> 0 | I14: =IF('Giá trị'!I14=0,0%,'Giá trị'!I14/'Giá trị'!I$36) -> 0 | ... DZ14: =IF('Giá trị'!DZ14=0,0%,'Giá trị'!DZ14/'Giá trị'!DZ$36) -> 0
A15: NH TMCP Đông Nam Á (SeaBank) | B15: =IF('Giá trị'!B15=0,0%,'Giá trị'!B15/'Giá trị'!B$36) -> 0 | C15: =IF('Giá trị'!C15=0,0%,'Giá trị'!C15/'Giá trị'!C$36) -> 0 | D15: =IF('Giá trị'!D15=0,0%,'Giá trị'!D15/'Giá trị'!D$36) -> 0 | E15: =IF('Giá trị'!E15=0,0%,'Giá trị'!E15/'Giá trị'!E$36) -> 0 | F15: =IF('Giá trị'!F15=0,0%,'Giá trị'!F15/'Giá trị'!F$36) -> 0 | G15: =IF('Giá trị'!G15=0,0%,'Giá trị'!G15/'Giá trị'!G$36) -> 0 | H15: =IF('Giá trị'!H15=0,0%,'Giá trị'!H15/'Giá trị'!H$36) -> 0 | I15: =IF('Giá trị'!I15=0,0%,'Giá trị'!I15/'Giá trị'!I$36) -> 0 | ... DZ15: =IF('Giá trị'!DZ15=0,0%,'Giá trị'!DZ15/'Giá trị'!DZ$36) -> 0
... A35: BaoViet Bank | B35: =IF('Giá trị'!B35=0,0%,'Giá trị'!B35/'Giá trị'!B$36) -> 0 | C35: =IF('Giá trị'!C35=0,0%,'Giá trị'!C35/'Giá trị'!C$36) -> 0 | D35: =IF('Giá trị'!D35=0,0%,'Giá trị'!D35/'Giá trị'!D$36) -> 0 | E35: =IF('Giá trị'!E35=0,0%,'Giá trị'!E35/'Giá trị'!E$36) -> 0 | F35: =IF('Giá trị'!F35=0,0%,'Giá trị'!F35/'Giá trị'!F$36) -> 0 | G35: =IF('Giá trị'!G35=0,0%,'Giá trị'!G35/'Giá trị'!G$36) -> 0 | H35: =IF('Giá trị'!H35=0,0%,'Giá trị'!H35/'Giá trị'!H$36) -> 0 | I35: =IF('Giá trị'!I35=0,0%,'Giá trị'!I35/'Giá trị'!I$36) -> 0 | ... DZ35: =IF('Giá trị'!DZ35=0,0%,'Giá trị'!DZ35/'Giá trị'!DZ$36) -> 0
A36: Tổng

Sheet Giá trị
A1: Tên khách hàng
B2: 45597 | C2: 45598 | D2: 45599 | E2: 45600 | F2: 45601 | G2: 45602 | H2: 45603 | I2: 45604 | J2: 45605 | K2: 45606 | L2: 45607 | M2: 45608 | N2: 45609 | O2: 45610 | P2: 45611 | Q2: 45612 | R2: 45613 | S2: 45614 | T2: 45615 | U2: 45616 | V2: 45617 | W2: 45618 | X2: 45619 | Y2: 45620 | Z2: 45621 | AA2: 45622 | AB2: 45623 | AC2: 45624 | AD2: 45625 | AE2: 45626 | AF2: 45627 | AG2: 45628 | AH2: 45629 | AI2: 45630 | AJ2: 45631 | AK2: 45632 | AL2: 45633 | AM2: 45634 | AN2: 45635 | AO2: 45636 | AP2: 45637 | AQ2: 45638 | AR2: 45639 | AS2: 45640 | AT2: 45641 | AU2: 45642 | AV2: 45643 | AW2: 45644 | AX2: 45645 | AY2: 45646 | AZ2: 45647 | BA2: 45648 | BB2: 45649 | BC2: 45650 | BD2: 45651 | BE2: 45652 | BF2: 45653 | BG2: 45654 | BH2: 45655 | BI2: 45656 | BJ2: 45657 | BK2: 45659 | BL2: 45660 | BM2: 45663 | BN2: 45664 | BO2: 45665 | BP2: 45666 | BQ2: 45667 | BR2: 45670 | BS2: 45671 | BT2: 45672 | BU2: 45673 | BV2: 45674 | BW2: 45677 | BX2: 45678 | BY2: 45679 | BZ2: 45680 | CA2: 45681 | CB2: 45692 | CC2: 45693 | CD2: 45694 | CE2: 45695 | CF2: 45698 | CG2: 45699 | CH2: 45700 | CI2: 45701 | CJ2: 45702 | CK2: 45705 | CL2: 45706 | CM2: 45707 | CN2: 45708 | CO2: 45709 | CP2: 45712 | CQ2: 45713 | CR2: 45714 | CS2: 45715 | CT2: 45716 | CU2: 45719 | CV2: 45720 | CW2: 45721 | CX2: 45722 | CY2: 45723 | CZ2: 45726 | DA2: 45727 | DB2: 45728 | DC2: 45729 | DD2: 45730 | DE2: 45733 | DF2: 45734 | DG2: 45735 | DH2: 45736 | DI2: 45737 | DJ2: 45740 | DK2: 45741 | DL2: 45742 | DM2: 45743 | DN2: 45744 | DO2: 45747 | DP2: 45748 | DQ2: 45749 | DR2: 45750 | DS2: 45751 | DT2: 45755 | DU2: 45756 | DV2: 45757 | DW2: 45758 | DX2: 45761 | DY2: 45762 | DZ2: 45763 | EA2: Ngày báo cáo (T-1)
A3: NH NN&PTNT VN (Agribank) | B3: 0 | C3: 0 | D3: 0 | E3: 0 | F3: 0 | G3: 0 | H3: 0 | I3: 0 | J3: 0 | K3: 0 | L3: 0 | M3: 0 | N3: 0 | O3: 0 | P3: 0 | Q3: 0 | R3: 0 | S3: 0 | T3: 0 | U3: 0 | V3: 0 | W3: 0 | X3: 0 | Y3: 0 | AA3: 0 | AB3: 0 | AC3: 0 | AD3: 0 | AE3: 0 | AF3: 0 | AG3: 0 | AH3: 0 | AI3: 0 | AJ3: 0 | AK3: 0 | AL3: 0 | AM3: 0 | AN3: 0 | AO3: 0 | AP3: 0 | AQ3: 0 | AR3: 0 | AS3: 0 | AT3: 0 | AU3: 0 | AV3: 0 | AW3: 0 | AX3: 0 | AY3: 0 | AZ3: 0 | BA3: 0 | BB3: 0 | BC3: 0 | BD3: 0 | BE3: 0 | BF3: 0 | BG3: 0 | BH3: 0 | BI3: 0 | BJ3: 0 | BK3: 0 | BL3: 0 | BM3: 0 | BN3: 0 | BO3: 0 | BP3: 0 | BQ3: 0 | BR3: 0 | BS3: 0 | BT3: 0 | BU3: 0 | BV3: 0 | BW3: 0 | BX3: 0 | BY3: 0 | BZ3: 0 | CA3: 0 | CB3: 0 | CC3: 0 | CD3: 0 | CE3: 0 | CF3: 0 | CG3: 0 | CH3: 0 | CI3: 0 | CJ3: 0 | CK3: 0 | CL3: 0 | CM3: 0 | CN3: 0 | CO3: 0 | CP3: 0 | CQ3: 0 | CR3: 0 | CS3: 0 | CT3: 0 | CU3: 0 | CV3: 0 | CW3: 0 | CX3: 0 | CY3: 0 | CZ3: 0 | DA3: 0 | DB3: 0 | DC3: 0 | DD3: 0 | DE3: 0 | DF3: 0 | DG3: 0 | DH3: 0 | DI3: 0 | DJ3: 0 | DK3: 0 | DL3: 0 | DM3: 0 | DN3: 0 | DO3: 0 | DP3: 0 | DQ3: 0 | DR3: 0 | DS3: 0 | DT3: 0 | DU3: 0 | DV3: 0 | DW3: 0 | DX3: 0 | DY3: 0 | DZ3: 0 | EA3: Giá trị giao dịch thực hiện trong ngày trên SKD đối với từng đối tác
A4: NH TMCP An Bình (ABB) | B4: 0 | C4: 0 | D4: 0 | E4: 0 | F4: 0 | G4: 0 | H4: 0 | I4: 0 | J4: 0 | K4: 0 | L4: 0 | M4: 0 | N4: 0 | O4: 0 | P4: 0 | Q4: 0 | R4: 0 | S4: 0 | T4: 0 | U4: 0 | V4: 0 | W4: 0 | X4: 0 | Y4: 0 | AA4: 0 | AB4: 0 | AC4: 0 | AD4: 0 | AE4: 0 | AF4: 0 | AG4: 0 | AH4: 0 | AI4: 0 | AJ4: 0 | AK4: 0 | AL4: 0 | AM4: 0 | AN4: 0 | AO4: 0 | AP4: 0 | AQ4: 0 | AR4: 0 | AS4: 0 | AT4: 0 | AU4: 0 | AV4: 0 | AW4: 0 | AX4: 0 | AY4: 0 | AZ4: 0 | BA4: 0 | BB4: 0 | BC4: 0 | BD4: 0 | BE4: 0 | BF4: 0 | BG4: 0 | BH4: 0 | BI4: 0 | BJ4: 0 | BK4: 0 | BL4: 0 | BM4: 0 | BN4: 0 | BO4: 0 | BP4: 0 | BQ4: 0 | BR4: 0 | BS4: 0 | BT4: 0 | BU4: 0 | BV4: 0 | BW4: 0 | BX4: 0 | BY4: 0 | BZ4: 0 | CA4: 0 | CB4: 0 | CC4: 0 | CD4: 0 | CE4: 0 | CF4: 0 | CG4: 0 | CH4: 0 | CI4: 0 | CJ4: 0 | CK4: 0 | CL4: 0 | CM4: 0 | CN4: 0 | CO4: 0 | CP4: 0 | CQ4: 0 | CR4: 0 | CS4: 0 | CT4: 0 | CU4: 0 | CV4: 0 | CW4: 0 | CX4: 0 | CY4: 0 | CZ4: 0 | DA4: 0 | DB4: 0 | DC4: 0 | DD4: 0 | DE4: 0 | DF4: 0 | DG4: 0 | DH4: 0 | DI4: 0 | DJ4: 0 | DK4: 0 | DL4: 0 | DM4: 0 | DN4: 0 | DO4: 0 | DP4: 0 | DQ4: 0 | DR4: 0 | DS4: 0 | DT4: 0 | DU4: 0 | DV4: 0 | DW4: 0 | DX4: 0 | DY4: 0 | DZ4: 0
A5: NH TMCP Bắc Á | B5: 0 | C5: 0 | D5: 0 | E5: 0 | F5: 0 | G5: 0 | H5: 0 | I5: 0 | J5: 0 | K5: 0 | L5: 0 | M5: 0 | N5: 0 | O5: 0 | P5: 0 | Q5: 0 | R5: 0 | S5: 0 | T5: 0 | U5: 0 | V5: 0 | W5: 0 | X5: 0 | Y5: 0 | AA5: 0 | AB5: 0 | AC5: 0 | AD5: 0 | AE5: 0 | AF5: 0 | AG5: 0 | AH5: 0 | AI5: 0 | AJ5: 0 | AK5: 0 | AL5: 0 | AM5: 0 | AN5: 0 | AO5: 0 | AP5: 0 | AQ5: 0 | AR5: 0 | AS5: 0 | AT5: 0 | AU5: 0 | AV5: 0 | AW5: 0 | AX5: 0 | AY5: 0 | AZ5: 0 | BA5: 0 | BB5: 0 | BC5: 0 | BD5: 0 | BE5: 0 | BF5: 0 | BG5: 0 | BH5: 0 | BI5: 0 | BJ5: 0 | BK5: 0 | BL5: 0 | BM5: 0 | BN5: 0 | BO5: 0 | BP5: 0 | BQ5: 0 | BR5: 0 | BS5: 0 | BT5: 0 | BU5: 0 | BV5: 0 | BW5: 0 | BX5: 0 | BY5: 0 | BZ5: 0 | CA5: 0 | CB5: 0 | CC5: 0 | CD5: 0 | CE5: 0 | CF5: 0 | CG5: 0 | CH5: 0 | CI5: 0 | CJ5: 0 | CK5: 0 | CL5: 0 | CM5: 0 | CN5: 0 | CO5: 0 | CP5: 0 | CQ5: 0 | CR5: 0 | CS5: 0 | CT5: 0 | CU5: 0 | CV5: 0 | CW5: 0 | CX5: 0 | CY5: 0 | CZ5: 0 | DA5: 0 | DB5: 0 | DC5: 0 | DD5: 0 | DE5: 0 | DF5: 0 | DG5: 0 | DH5: 0 | DI5: 0 | DJ5: 0 | DK5: 0 | DL5: 0 | DM5: 0 | DN5: 0 | DO5: 0 | DP5: 0 | DQ5: 0 | DR5: 0 | DS5: 0 | DT5: 0 | DU5: 0 | DV5: 0 | DW5: 0 | DX5: 0 | DY5: 0 | DZ5: 0
A6: NH TMCP Bản Việt | B6: 0 | C6: 0 | D6: 0 | E6: 0 | F6: 0 | G6: 0 | H6: 0 | I6: 0 | J6: 0 | K6: 0 | L6: 0 | M6: 0 | N6: 0 | O6: 0 | P6: 0 | Q6: 0 | R6: 0 | S6: 0 | T6: 0 | U6: 0 | V6: 0 | W6: 0 | X6: 0 | Y6: 0 | AA6: 0 | AB6: 0 | AC6: 0 | AD6: 0 | AE6: 0 | AF6: 0 | AG6: 0 | AH6: 0 | AI6: 0 | AJ6: 0 | AK6: 0 | AL6: 0 | AM6: 0 | AN6: 0 | AO6: 0 | AP6: 0 | AQ6: 0 | AR6: 0 | AS6: 0 | AT6: 0 | AU6: 0 | AV6: 0 | AW6: 0 | AX6: 0 | AY6: 0 | AZ6: 0 | BA6: 0 | BB6: 0 | BC6: 0 | BD6: 0 | BE6: 0 | BF6: 0 | BG6: 0 | BH6: 0 | BI6: 0 | BJ6: 0 | BK6: 0 | BL6: 0 | BM6: 0 | BN6: 0 | BO6: 0 | BP6: 0 | BQ6: 0 | BR6: 0 | BS6: 0 | BT6: 0 | BU6: 0 | BV6: 0 | BW6: 0 | BX6: 0 | BY6: 0 | BZ6: 0 | CA6: 0 | CB6: 0 | CC6: 0 | CD6: 0 | CE6: 0 | CF6: 0 | CG6: 0 | CH6: 0 | CI6: 0 | CJ6: 0 | CK6: 0 | CL6: 0 | CM6: 0 | CN6: 0 | CO6: 0 | CP6: 0 | CQ6: 0 | CR6: 0 | CS6: 0 | CT6: 0 | CU6: 0 | CV6: 0 | CW6: 0 | CX6: 0 | CY6: 0 | CZ6: 0 | DA6: 0 | DB6: 0 | DC6: 0 | DD6: 0 | DE6: 0 | DF6: 0 | DG6: 0 | DH6: 0 | DI6: 0 | DJ6: 0 | DK6: 0 | DL6: 0 | DM6: 0 | DN6: 0 | DO6: 0 | DP6: 0 | DQ6: 0 | DR6: 0 | DS6: 0 | DT6: 0 | DU6: 0 | DV6: 0 | DW6: 0 | DX6: 0 | DY6: 0 | DZ6: 0
A7: NH TMCP Đầu tư và Phát triển VN (BIDV) | B7: 0 | C7: 0 | D7: 0 | E7: 0 | F7: 0 | G7: 0 | H7: 0 | I7: 0 | J7: 0 | K7: 0 | L7: 0 | M7: 0 | N7: 0 | O7: 0 | P7: 0 | Q7: 0 | R7: 0 | S7: 0 | T7: 0 | U7: 0 | V7: 0 | W7: 0 | X7: 0 | Y7: 0 | AA7: 0 | AB7: 0 | AC7: 0 | AD7: 0 | AE7: 0 | AF7: 0 | AG7: 0 | AH7: 0 | AI7: 0 | AJ7: 0 | AK7: 0 | AL7: 0 | AM7: 0 | AN7: 0 | AO7: 0 | AP7: 0 | AQ7: 0 | AR7: 0 | AS7: 0 | AT7: 0 | AU7: 0 | AV7: 0 | AW7: 0 | AX7: 0 | AY7: 0 | AZ7: 0 | BA7: 0 | BB7: 0 | BC7: 0 | BD7: 0 | BE7: 0 | BF7: 0 | BG7: 0 | BH7: 0 | BI7: 0 | BJ7: 0 | BK7: 0 | BL7: 0 | BM7: 0 | BN7: 0 | BO7: 0 | BP7: 0 | BQ7: 0 | BR7: 0 | BS7: 0 | BT7: 0 | BU7: 0 | BV7: 0 | BW7: 0 | BX7: 0 | BY7: 0 | BZ7: 0 | CA7: 0 | CB7: 0 | CC7: 0 | CD7: 0 | CE7: 0 | CF7: 0 | CG7: 0 | CH7: 0 | CI7: 0 | CJ7: 0 | CK7: 0 | CL7: 0 | CM7: 0 | CN7: 0 | CO7: 0 | CP7: 0 | CQ7: 0 | CR7: 0 | CS7: 0 | CT7: 0 | CU7: 0 | CV7: 0 | CW7: 0 | CX7: 0 | CY7: 0 | CZ7: 0 | DA7: 0 | DB7: 0 | DC7: 0 | DD7: 0 | DE7: 0 | DF7: 0 | DG7: 0 | DH7: 0 | DI7: 0 | DJ7: 0 | DK7: 0 | DL7: 0 | DM7: 0 | DN7: 0 | DO7: 0 | DP7: 0 | DQ7: 0 | DR7: 0 | DS7: 0 | DT7: 0 | DU7: 0 | DV7: 0 | DW7: 0 | DX7: 0 | DY7: 0 | DZ7: 0
A8: Công ty tài chính cổ phần Điện lực (EVNFC) | B8: 0 | C8: 0 | D8: 0 | E8: 0 | F8: 0 | G8: 0 | H8: 0 | I8: 0 | J8: 0 | K8: 0 | L8: 0 | M8: 0 | N8: 0 | O8: 0 | P8: 0 | Q8: 0 | R8: 0 | S8: 0 | T8: 0 | U8: 0 | V8: 0 | W8: 0 | X8: 0 | Y8: 0 | AA8: 0 | AB8: 0 | AC8: 0 | AD8: 0 | AE8: 0 | AF8: 0 | AG8: 0 | AH8: 0 | AI8: 0 | AJ8: 0 | AK8: 0 | AL8: 0 | AM8: 0 | AN8: 0 | AO8: 0 | AP8: 0 | AQ8: 0 | AR8: 0 | AS8: 0 | AT8: 0 | AU8: 0 | AV8: 0 | AW8: 0 | AX8: 0 | AY8: 0 | AZ8: 0 | BA8: 0 | BB8: 0 | BC8: 0 | BD8: 0 | BE8: 0 | BF8: 0 | BG8: 0 | BH8: 0 | BI8: 0 | BJ8: 0 | BK8: 0 | BL8: 0 | BM8: 0 | BN8: 0 | BO8: 0 | BP8: 0 | BQ8: 0 | BR8: 0 | BS8: 0 | BT8: 0 | BU8: 0 | BV8: 0 | BW8: 0 | BX8: 0 | BY8: 0 | BZ8: 0 | CA8: 0 | CB8: 0 | CC8: 0 | CD8: 0 | CE8: 0 | CF8: 0 | CG8: 0 | CH8: 0 | CI8: 0 | CJ8: 0 | CK8: 0 | CL8: 0 | CM8: 0 | CN8: 0 | CO8: 0 | CP8: 0 | CQ8: 0 | CR8: 0 | CS8: 0 | CT8: 0 | CU8: 0 | CV8: 0 | CW8: 0 | CX8: 0 | CY8: 0 | CZ8: 0 | DA8: 0 | DB8: 0 | DC8: 0 | DD8: 0 | DE8: 0 | DF8: 0 | DG8: 0 | DH8: 0 | DI8: 0 | DJ8: 0 | DK8: 0 | DL8: 0 | DM8: 0 | DN8: 0 | DO8: 0 | DP8: 0 | DQ8: 0 | DR8: 0 | DS8: 0 | DT8: 0 | DU8: 0 | DV8: 0 | DW8: 0 | DX8: 0 | DY8: 0 | DZ8: 0
A9: Công ty Tài Chính Cổ phần Tín Việt (VietCredit) | B9: 0 | C9: 0 | D9: 0 | E9: 0 | F9: 0 | G9: 0 | H9: 0 | I9: 0 | J9: 0 | K9: 0 | L9: 0 | M9: 0 | N9: 0 | O9: 0 | P9: 0 | Q9: 0 | R9: 0 | S9: 0 | T9: 0 | U9: 0 | V9: 0 | W9: 0 | X9: 0 | Y9: 0 | AA9: 0 | AB9: 0 | AC9: 0 | AD9: 0 | AE9: 0 | AF9: 0 | AG9: 0 | AH9: 0 | AI9: 0 | AJ9: 0 | AK9: 0 | AL9: 0 | AM9: 0 | AN9: 0 | AO9: 0 | AP9: 0 | AQ9: 0 | AR9: 0 | AS9: 0 | AT9: 0 | AU9: 0 | AV9: 0 | AW9: 0 | AX9: 0 | AY9: 0 | AZ9: 0 | BA9: 0 | BB9: 0 | BC9: 0 | BD9: 0 | BE9: 0 | BF9: 0 | BG9: 0 | BH9: 0 | BI9: 0 | BJ9: 0 | BK9: 0 | BL9: 0 | BM9: 0 | BN9: 0 | BO9: 0 | BP9: 0 | BQ9: 0 | BR9: 0 | BS9: 0 | BT9: 0 | BU9: 0 | BV9: 0 | BW9: 0 | BX9: 0 | BY9: 0 | BZ9: 0 | CA9: 0 | CB9: 0 | CC9: 0 | CD9: 0 | CE9: 0 | CF9: 0 | CG9: 0 | CH9: 0 | CI9: 0 | CJ9: 0 | CK9: 0 | CL9: 0 | CM9: 0 | CN9: 0 | CO9: 0 | CP9: 0 | CQ9: 0 | CR9: 0 | CS9: 0 | CT9: 0 | CU9: 0 | CV9: 0 | CW9: 0 | CX9: 0 | CY9: 0 | CZ9: 0 | DA9: 0 | DB9: 0 | DC9: 0 | DD9: 0 | DE9: 0 | DF9: 0 | DG9: 0 | DH9: 0 | DI9: 0 | DJ9: 0 | DK9: 0 | DL9: 0 | DM9: 0 | DN9: 0 | DO9: 0 | DP9: 0 | DQ9: 0 | DR9: 0 | DS9: 0 | DT9: 0 | DU9: 0 | DV9: 0 | DW9: 0 | DX9: 0 | DY9: 0 | DZ9: 0
A10: Công ty Tài chính TNHH HD SaiSon (HDSS) | B10: 0 | C10: 0 | D10: 0 | E10: 0 | F10: 0 | G10: 0 | H10: 0 | I10: 0 | J10: 0 | K10: 0 | L10: 0 | M10: 0 | N10: 0 | O10: 0 | P10: 0 | Q10: 0 | R10: 0 | S10: 0 | T10: 0 | U10: 0 | V10: 0 | W10: 0 | X10: 0 | Y10: 0 | AA10: 0 | AB10: 0 | AC10: 0 | AD10: 0 | AE10: 0 | AF10: 0 | AG10: 0 | AH10: 0 | AI10: 0 | AJ10: 0 | AK10: 0 | AL10: 0 | AM10: 0 | AN10: 0 | AO10: 0 | AP10: 0 | AQ10: 0 | AR10: 0 | AS10: 0 | AT10: 0 | AU10: 0 | AV10: 0 | AW10: 0 | AX10: 0 | AY10: 0 | AZ10: 0 | BA10: 0 | BB10: 0 | BC10: 0 | BD10: 0 | BE10: 0 | BF10: 0 | BG10: 0 | BH10: 0 | BI10: 0 | BJ10: 0 | BK10: 0 | BL10: 0 | BM10: 0 | BN10: 0 | BO10: 0 | BP10: 0 | BQ10: 0 | BR10: 0 | BS10: 0 | BT10: 0 | BU10: 0 | BV10: 0 | BW10: 0 | BX10: 0 | BY10: 0 | BZ10: 0 | CA10: 0 | CB10: 0 | CC10: 0 | CD10: 0 | CE10: 0 | CF10: 0 | CG10: 0 | CH10: 0 | CI10: 0 | CJ10: 0 | CK10: 0 | CL10: 0 | CM10: 0 | CN10: 0 | CO10: 0 | CP10: 0 | CQ10: 0 | CR10: 0 | CS10: 0 | CT10: 0 | CU10: 0 | CV10: 0 | CW10: 0 | CX10: 0 | CY10: 0 | CZ10: 0 | DA10: 0 | DB10: 0 | DC10: 0 | DD10: 0 | DE10: 0 | DF10: 0 | DG10: 0 | DH10: 0 | DI10: 0 | DJ10: 0 | DK10: 0 | DL10: 0 | DM10: 0 | DN10: 0 | DO10: 0 | DP10: 0 | DQ10: 0 | DR10: 0 | DS10: 0 | DT10: 0 | DU10: 0 | DV10: 0 | DW10: 0 | DX10: 0 | DY10: 0 | DZ10: 0
A11: Công ty tài chính TNHH MTV Home Credit VN (HCVN) | B11: 0 | C11: 0 | D11: 0 | E11: 0 | F11: 0 | G11: 0 | H11: 0 | I11: 0 | J11: 0 | K11: 0 | L11: 0 | M11: 0 | N11: 0 | O11: 0 | P11: 0 | Q11: 0 | R11: 0 | S11: 0 | T11: 0 | U11: 0 | V11: 0 | W11: 0 | X11: 0 | Y11: 0 | AA11: 0 | AB11: 0 | AC11: 0 | AD11: 0 | AE11: 0 | AF11: 0 | AG11: 0 | AH11: 0 | AI11: 0 | AJ11: 0 | AK11: 0 | AL11: 0 | AM11: 0 | AN11: 0 | AO11: 0 | AP11: 0 | AQ11: 0 | AR11: 0 | AS11: 0 | AT11: 0 | AU11: 0 | AV11: 0 | AW11: 0 | AX11: 0 | AY11: 0 | AZ11: 0 | BA11: 0 | BB11: 0 | BC11: 0 | BD11: 0 | BE11: 0 | BF11: 0 | BG11: 0 | BH11: 0 | BI11: 0 | BJ11: 0 | BK11: 0 | BL11: 0 | BM11: 0 | BN11: 0 | BO11: 0 | BP11: 0 | BQ11: 0 | BR11: 0 | BS11: 0 | BT11: 0 | BU11: 0 | BV11: 0 | BW11: 0 | BX11: 0 | BY11: 0 | BZ11: 0 | CA11: 0 | CB11: 0 | CC11: 0 | CD11: 0 | CE11: 0 | CF11: 0 | CG11: 0 | CH11: 0 | CI11: 0 | CJ11: 0 | CK11: 0 | CL11: 0 | CM11: 0 | CN11: 0 | CO11: 0 | CP11: 0 | CQ11: 0 | CR11: 0 | CS11: 0 | CT11: 0 | CU11: 0 | CV11: 0 | CW11: 0 | CX11: 0 | CY11: 0 | CZ11: 0 | DA11: 0 | DB11: 0 | DC11: 0 | DD11: 0 | DE11: 0 | DF11: 0 | DG11: 0 | DH11: 0 | DI11: 0 | DJ11: 0 | DK11: 0 | DL11: 0 | DM11: 0 | DN11: 0 | DO11: 0 | DP11: 0 | DQ11: 0 | DR11: 0 | DS11: 0 | DT11: 0 | DU11: 0 | DV11: 0 | DW11: 0 | DX11: 0 | DY11: 0 | DZ11: 0
A12: Công ty tài chính TNHH MTV Ngân hàng TMCP Sài Gòn-Hà Nội (SHBF) | B12: 0 | C12: 0 | D12: 0 | E12: 0 | F12: 0 | G12: 0 | H12: 0 | I12: 0 | J12: 0 | K12: 0 | L12: 0 | M12: 0 | N12: 0 | O12: 0 | P12: 0 | Q12: 0 | R12: 0 | S12: 0 | T12: 0 | U12: 0 | V12: 0 | W12: 0 | X12: 0 | Y12: 0 | AA12: 0 | AB12: 0 | AC12: 0 | AD12: 0 | AE12: 0 | AF12: 0 | AG12: 0 | AH12: 0 | AI12: 0 | AJ12: 0 | AK12: 0 | AL12: 0 | AM12: 0 | AN12: 0 | AO12: 0 | AP12: 0 | AQ12: 0 | AR12: 0 | AS12: 0 | AT12: 0 | AU12: 0 | AV12: 0 | AW12: 0 | AX12: 0 | AY12: 0 | AZ12: 0 | BA12: 0 | BB12: 0 | BC12: 0 | BD12: 0 | BE12: 0 | BF12: 0 | BG12: 0 | BH12: 0 | BI12: 0 | BJ12: 0 | BK12: 0 | BL12: 0 | BM12: 0 | BN12: 0 | BO12: 0 | BP12: 0 | BQ12: 0 | BR12: 0 | BS12: 0 | BT12: 0 | BU12: 0 | BV12: 0 | BW12: 0 | BX12: 0 | BY12: 0 | BZ12: 0 | CA12: 0 | CB12: 0 | CC12: 0 | CD12: 0 | CE12: 0 | CF12: 0 | CG12: 0 | CH12: 0 | CI12: 0 | CJ12: 0 | CK12: 0 | CL12: 0 | CM12: 0 | CN12: 0 | CO12: 0 | CP12: 0 | CQ12: 0 | CR12: 0 | CS12: 0 | CT12: 0 | CU12: 0 | CV12: 0 | CW12: 0 | CX12: 0 | CY12: 0 | CZ12: 0 | DA12: 0 | DB12: 0 | DC12: 0 | DD12: 0 | DE12: 0 | DF12: 0 | DG12: 0 | DH12: 0 | DI12: 0 | DJ12: 0 | DK12: 0 | DL12: 0 | DM12: 0 | DN12: 0 | DO12: 0 | DP12: 0 | DQ12: 0 | DR12: 0 | DS12: 0 | DT12: 0 | DU12: 0 | DV12: 0 | DW12: 0 | DX12: 0 | DY12: 0 | DZ12: 0
A13: Công ty tài chính TNHH MB Shinsei (Mcredit) | B13: 0 | C13: 0 | D13: 0 | E13: 0 | F13: 0 | G13: 0 | H13: 0 | I13: 0 | J13: 0 | K13: 0 | L13: 0 | M13: 0 | N13: 0 | O13: 0 | P13: 0 | Q13: 0 | R13: 0 | S13: 0 | T13: 0 | U13: 0 | V13: 0 | W13: 0 | X13: 0 | Y13: 0 | AA13: 0 | AB13: 0 | AC13: 0 | AD13: 0 | AE13: 0 | AF13: 0 | AG13: 0 | AH13: 0 | AI13: 0 | AJ13: 0 | AK13: 0 | AL13: 0 | AM13: 0 | AN13: 0 | AO13: 0 | AP13: 0 | AQ13: 0 | AR13: 0 | AS13: 0 | AT13: 0 | AU13: 0 | AV13: 0 | AW13: 0 | AX13: 0 | AY13: 0 | AZ13: 0 | BA13: 0 | BB13: 0 | BC13: 0 | BD13: 0 | BE13: 0 | BF13: 0 | BG13: 0 | BH13: 0 | BI13: 0 | BJ13: 0 | BK13: 0 | BL13: 0 | BM13: 0 | BN13: 0 | BO13: 0 | BP13: 0 | BQ13: 0 | BR13: 0 | BS13: 0 | BT13: 0 | BU13: 0 | BV13: 0 | BW13: 0 | BX13: 0 | BY13: 0 | BZ13: 0 | CA13: 0 | CB13: 0 | CC13: 0 | CD13: 0 | CE13: 0 | CF13: 0 | CG13: 0 | CH13: 0 | CI13: 0 | CJ13: 0 | CK13: 0 | CL13: 0 | CM13: 0 | CN13: 0 | CO13: 0 | CP13: 0 | CQ13: 0 | CR13: 0 | CS13: 0 | CT13: 0 | CU13: 0 | CV13: 0 | CW13: 0 | CX13: 0 | CY13: 0 | CZ13: 0 | DA13: 0 | DB13: 0 | DC13: 0 | DD13: 0 | DE13: 0 | DF13: 0 | DG13: 0 | DH13: 0 | DI13: 0 | DJ13: 0 | DK13: 0 | DL13: 0 | DM13: 0 | DN13: 0 | DO13: 0 | DP13: 0 | DQ13: 0 | DR13: 0 | DS13: 0 | DT13: 0 | DU13: 0 | DV13: 0 | DW13: 0 | DX13: 0 | DY13: 0 | DZ13: 0
A14: NH TMCP Đại Chúng VN (PVC) | B14: 0 | C14: 0 | D14: 0 | E14: 0 | F14: 0 | G14: 0 | H14: 0 | I14: 0 | J14: 0 | K14: 0 | L14: 0 | M14: 0 | N14: 0 | O14: 0 | P14: 0 | Q14: 0 | R14: 0 | S14: 0 | T14: 0 | U14: 0 | V14: 0 | W14: 0 | X14: 0 | Y14: 0 | AA14: 0 | AB14: 0 | AC14: 0 | AD14: 0 | AE14: 0 | AF14: 0 | AG14: 0 | AH14: 0 | AI14: 0 | AJ14: 0 | AK14: 0 | AL14: 0 | AM14: 0 | AN14: 0 | AO14: 0 | AP14: 0 | AQ14: 0 | AR14: 0 | AS14: 0 | AT14: 0 | AU14: 0 | AV14: 0 | AW14: 0 | AX14: 0 | AY14: 0 | AZ14: 0 | BA14: 0 | BB14: 0 | BC14: 0 | BD14: 0 | BE14: 0 | BF14: 0 | BG14: 0 | BH14: 0 | BI14: 0 | BJ14: 0 | BK14: 0 | BL14: 0 | BM14: 0 | BN14: 0 | BO14: 0 | BP14: 0 | BQ14: 0 | BR14: 0 | BS14: 0 | BT14: 0 | BU14: 0 | BV14: 0 | BW14: 0 | BX14: 0 | BY14: 0 | BZ14: 0 | CA14: 0 | CB14: 0 | CC14: 0 | CD14: 0 | CE14: 0 | CF14: 0 | CG14: 0 | CH14: 0 | CI14: 0 | CJ14: 0 | CK14: 0 | CL14: 0 | CM14: 0 | CN14: 0 | CO14: 0 | CP14: 0 | CQ14: 0 | CR14: 0 | CS14: 0 | CT14: 0 | CU14: 0 | CV14: 0 | CW14: 0 | CX14: 0 | CY14: 0 | CZ14: 0 | DA14: 0 | DB14: 0 | DC14: 0 | DD14: 0 | DE14: 0 | DF14: 0 | DG14: 0 | DH14: 0 | DI14: 0 | DJ14: 0 | DK14: 0 | DL14: 0 | DM14: 0 | DN14: 0 | DO14: 0 | DP14: 0 | DQ14: 0 | DR14: 0 | DS14: 0 | DT14: 0 | DU14: 0 | DV14: 0 | DW14: 0 | DX14: 0 | DY14: 0 | DZ14: 0
A15: NH TMCP Đông Nam Á (SeaBank) | B15: 0 | C15: 0 | D15: 0 | E15: 0 | F15: 0 | G15: 0 | H15: 0 | I15: 0 | J15: 0 | K15: 0 | L15: 0 | M15: 0 | N15: 0 | O15: 0 | P15: 0 | Q15: 0 | R15: 0 | S15: 0 | T15: 0 | U15: 0 | V15: 0 | W15: 0 | X15: 0 | Y15: 0 | AA15: 0 | AB15: 0 | AC15: 0 | AD15: 0 | AE15: 0 | AF15: 0 | AG15: 0 | AH15: 0 | AI15: 0 | AJ15: 0 | AK15: 0 | AL15: 0 | AM15: 0 | AN15: 0 | AO15: 0 | AP15: 0 | AQ15: 0 | AR15: 0 | AS15: 0 | AT15: 0 | AU15: 0 | AV15: 0 | AW15: 0 | AX15: 0 | AY15: 0 | AZ15: 0 | BA15: 0 | BB15: 0 | BC15: 0 | BD15: 0 | BE15: 0 | BF15: 0 | BG15: 0 | BH15: 0 | BI15: 0 | BJ15: 0 | BK15: 0 | BL15: 0 | BM15: 0 | BN15: 0 | BO15: 0 | BP15: 0 | BQ15: 0 | BR15: 0 | BS15: 0 | BT15: 0 | BU15: 0 | BV15: 0 | BW15: 0 | BX15: 0 | BY15: 0 | BZ15: 0 | CA15: 0 | CB15: 0 | CC15: 0 | CD15: 0 | CE15: 0 | CF15: 0 | CG15: 0 | CH15: 0 | CI15: 0 | CJ15: 0 | CK15: 0 | CL15: 0 | CM15: 0 | CN15: 0 | CO15: 0 | CP15: 0 | CQ15: 0 | CR15: 0 | CS15: 0 | CT15: 0 | CU15: 0 | CV15: 0 | CW15: 0 | CX15: 0 | CY15: 0 | CZ15: 0 | DA15: 0 | DB15: 0 | DC15: 0 | DD15: 0 | DE15: 0 | DF15: 0 | DG15: 0 | DH15: 0 | DI15: 0 | DJ15: 0 | DK15: 0 | DL15: 0 | DM15: 0 | DN15: 0 | DO15: 0 | DP15: 0 | DQ15: 0 | DR15: 0 | DS15: 0 | DT15: 0 | DU15: 0 | DV15: 0 | DW15: 0 | DX15: 0 | DY15: 0 | DZ15: 0
... A21: NH TMCP Nam Á | B21: 0 | C21: 0 | D21: 0 | E21: 0 | F21: 0 | G21: 0 | H21: 0 | I21: 0 | J21: 0 | K21: 0 | L21: 0 | M21: 0 | N21: 0 | O21: 0 | P21: 0 | Q21: 0 | R21: 0 | S21: 0 | T21: 0 | U21: 0 | V21: 0 | W21: 0 | X21: 0 | Y21: 0 | AA21: 0 | AB21: 0 | AC21: 0 | AD21: 0 | AE21: 0 | AF21: 0 | AG21: 0 | AH21: 0 | AI21: 0 | AJ21: 0 | AK21: 0 | AL21: 0 | AM21: 0 | AN21: 0 | AO21: 0 | AP21: 0 | AQ21: 0 | AR21: 0 | AS21: 0 | AT21: 0 | AU21: 0 | AV21: 0 | AW21: 0 | AX21: 0 | AY21: 0 | AZ21: 0 | BA21: 0 | BB21: 0 | BC21: 0 | BD21: 0 | BE21: 0 | BF21: 0 | BG21: 0 | BH21: 0 | BI21: 0 | BJ21: 0 | BK21: 0 | BL21: 0 | BM21: 0 | BN21: 0 | BO21: 0 | BP21: 0 | BQ21: 0 | BR21: 0 | BS21: 0 | BT21: 0 | BU21: 0 | BV21: 0 | BW21: 0 | BX21: 0 | BY21: 0 | BZ21: 0 | CA21: 0 | CB21: 0 | CC21: 0 | CD21: 0 | CE21: 0 | CF21: 0 | CG21: 0 | CH21: 0 | CI21: 0 | CJ21: 0 | CK21: 0 | CL21: 0 | CM21: 0 | CN21: 0 | CO21: 0 | CP21: 0 | CQ21: 0 | CR21: 0 | CS21: 0 | CT21: 0 | CU21: 0 | CV21: 0 | CW21: 0 | CX21: 0 | CY21: 0 | CZ21: 0 | DA21: 0 | DB21: 0 | DC21: 0 | DD21: 0 | DE21: 0 | DF21: 0 | DG21: 0 | DH21: 0 | DI21: 0 | DJ21: 0 | DK21: 0 | DL21: 0 | DM21: 0 | DN21: 0 | DO21: 0 | DP21: 0 | DQ21: 0 | DR21: 0 | DS21: 0 | DT21: 0 | DU21: 0 | DV21: 0 | DW21: 0 | DX21: 0 | DY21: 0 | DZ21: 0
A22: NH TMCP Phát triển TPHCM (HDB) | B22: 0 | C22: 0 | D22: 0 | E22: 0 | F22: 0 | G22: 0 | H22: 100 | I22: 0 | J22: 0 | K22: 0 | L22: 0 | M22: 0 | N22: 0 | O22: 0 | P22: 0 | Q22: 0 | R22: 0 | S22: 0 | T22: 0 | U22: 0 | V22: 0 | W22: 0 | X22: 0 | Y22: 0 | Z22: 100 | AA22: 0 | AB22: 0 | AC22: 0 | AD22: 0 | AE22: 0 | AF22: 0 | AG22: 0 | AH22: 0 | AI22: 0 | AJ22: 0 | AK22: 0 | AL22: 0 | AM22: 0 | AN22: 0 | AO22: 0 | AP22: 0 | AQ22: 0 | AR22: 0 | AS22: 0 | AT22: 0 | AU22: 0 | AV22: 0 | AW22: 0 | AX22: 0 | AY22: 0 | AZ22: 0 | BA22: 0 | BB22: 0 | BC22: 0 | BD22: 0 | BE22: 0 | BF22: 0 | BG22: 0 | BH22: 0 | BI22: 0 | BJ22: 0 | BK22: 0 | BL22: 0 | BM22: 0 | BN22: 0 | BO22: 0 | BP22: 0 | BQ22: 0 | BR22: 0 | BS22: 0 | BT22: 0 | BU22: 0 | BV22: 0 | BW22: 0 | BX22: 0 | BY22: 0 | BZ22: 0 | CA22: 0 | CB22: 0 | CC22: 0 | CD22: 0 | CE22: 0 | CF22: 0 | CG22: 0 | CH22: 0 | CI22: 0 | CJ22: 0 | CK22: 0 | CL22: 0 | CM22: 0 | CN22: 0 | CO22: 0 | CP22: 0 | CQ22: 0 | CR22: 0 | CS22: 0 | CT22: 0 | CU22: 0 | CV22: 0 | CW22: 0 | CX22: 0 | CY22: 0 | CZ22: 0 | DA22: 0 | DB22: 0 | DC22: 0 | DD22: 0 | DE22: 0 | DF22: 0 | DG22: 0 | DH22: 0 | DI22: 0 | DJ22: 0 | DK22: 0 | DL22: 0 | DM22: 0 | DN22: 0 | DO22: 0 | DP22: 0 | DQ22: 0 | DR22: 0 | DS22: 0 | DT22: 0 | DU22: 0 | DV22: 0 | DW22: 0 | DX22: 0 | DY22: 0 | DZ22: 0
A23: NH TMCP Phương Đông (OCB) | B23: 0 | C23: 0 | D23: 0 | E23: 0 | F23: 0 | G23: 0 | H23: 0 | I23: 0 | J23: 0 | K23: 0 | L23: 0 | M23: 0 | N23: 0 | O23: 0 | P23: 0 | Q23: 0 | R23: 0 | S23: 0 | T23: 0 | U23: 0 | V23: 0 | W23: 0 | X23: 0 | Y23: 0 | AA23: 0 | AB23: 0 | AC23: 0 | AD23: 0 | AE23: 0 | AF23: 0 | AG23: 0 | AH23: 0 | AI23: 0 | AJ23: 0 | AK23: 0 | AL23: 0 | AM23: 0 | AN23: 0 | AO23: 0 | AP23: 0 | AQ23: 0 | AR23: 0 | AS23: 0 | AT23: 0 | AU23: 0 | AV23: 0 | AW23: 0 | AX23: 0 | AY23: 0 | AZ23: 0 | BA23: 0 | BB23: 0 | BC23: 0 | BD23: 0 | BE23: 0 | BF23: 0 | BG23: 0 | BH23: 0 | BI23: 0 | BJ23: 0 | BK23: 0 | BL23: 0 | BM23: 0 | BN23: 0 | BO23: 0 | BP23: 0 | BQ23: 0 | BR23: 0 | BS23: 0 | BT23: 0 | BU23: 0 | BV23: 0 | BW23: 0 | BX23: 0 | BY23: 0 | BZ23: 0 | CA23: 0 | CB23: 0 | CC23: 0 | CD23: 0 | CE23: 0 | CF23: 0 | CG23: 0 | CH23: 0 | CI23: 0 | CJ23: 0 | CK23: 0 | CL23: 0 | CM23: 0 | CN23: 0 | CO23: 0 | CP23: 0 | CQ23: 0 | CR23: 0 | CS23: 0 | CT23: 0 | CU23: 0 | CV23: 0 | CW23: 0 | CX23: 0 | CY23: 0 | CZ23: 0 | DA23: 0 | DB23: 0 | DC23: 0 | DD23: 0 | DE23: 0 | DF23: 0 | DG23: 0 | DH23: 0 | DI23: 0 | DJ23: 0 | DK23: 0 | DL23: 0 | DM23: 0 | DN23: 0 | DO23: 0 | DP23: 0 | DQ23: 0 | DR23: 0 | DS23: 0 | DT23: 0 | DU23: 0 | DV23: 0 | DW23: 0 | DX23: 0 | DY23: 0 | DZ23: 0
A24: NH TMCP Quân đội (MBB) | B24: 0 | C24: 0 | D24: 0 | E24: 0 | F24: 0 | G24: 0 | H24: 0 | I24: 0 | J24: 0 | K24: 0 | L24: 0 | M24: 0 | N24: 0 | O24: 0 | P24: 0 | Q24: 0 | R24: 0 | S24: 0 | T24: 0 | U24: 0 | V24: 0 | W24: 0 | X24: 0 | Y24: 0 | AA24: 0 | AB24: 0 | AC24: 0 | AD24: 0 | AE24: 0 | AF24: 0 | AG24: 0 | AH24: 0 | AI24: 0 | AJ24: 0 | AK24: 0 | AL24: 0 | AM24: 0 | AN24: 0 | AO24: 0 | AP24: 0 | AQ24: 0 | AR24: 0 | AS24: 0 | AT24: 0 | AU24: 0 | AV24: 0 | AW24: 0 | AX24: 0 | AY24: 0 | AZ24: 0 | BA24: 0 | BB24: 0 | BC24: 0 | BD24: 0 | BE24: 0 | BF24: 0 | BG24: 0 | BH24: 0 | BI24: 0 | BJ24: 0 | BK24: 0 | BL24: 0 | BM24: 0 | BN24: 0 | BO24: 0 | BP24: 0 | BQ24: 0 | BR24: 0 | BS24: 0 | BT24: 0 | BU24: 0 | BV24: 0 | BW24: 0 | BX24: 0 | BY24: 0 | BZ24: 0 | CA24: 0 | CB24: 0 | CC24: 0 | CD24: 0 | CE24: 0 | CF24: 0 | CG24: 0 | CH24: 0 | CI24: 0 | CJ24: 0 | CK24: 0 | CL24: 0 | CM24: 0 | CN24: 0 | CO24: 0 | CP24: 0 | CQ24: 0 | CR24: 0 | CS24: 0 | CT24: 0 | CU24: 0 | CV24: 0 | CW24: 0 | CX24: 0 | CY24: 0 | CZ24: 0 | DA24: 0 | DB24: 0 | DC24: 0 | DD24: 0 | DE24: 0 | DF24: 0 | DG24: 0 | DH24: 0 | DI24: 0 | DJ24: 0 | DK24: 0 | DL24: 0 | DM24: 0 | DN24: 0 | DO24: 0 | DP24: 0 | DQ24: 0 | DR24: 0 | DS24: 0 | DT24: 0 | DU24: 0 | DV24: 0 | DW24: 0 | DX24: 0 | DY24: 0 | DZ24: 0
A25: NH TMCP Quốc dân (NCB) | B25: 0 | C25: 0 | D25: 0 | E25: 0 | F25: 0 | G25: 0 | H25: 0 | I25: 0 | J25: 0 | K25: 0 | L25: 0 | M25: 0 | N25: 0 | O25: 0 | P25: 0 | Q25: 0 | R25: 0 | S25: 0 | T25: 0 | U25: 0 | V25: 0 | W25: 0 | X25: 0 | Y25: 0 | AA25: 0 | AB25: 0 | AC25: 0 | AD25: 0 | AE25: 0 | AF25: 0 | AG25: 0 | AH25: 0 | AI25: 0 | AJ25: 0 | AK25: 0 | AL25: 0 | AM25: 0 | AN25: 0 | AO25: 0 | AP25: 0 | AQ25: 0 | AR25: 0 | AS25: 0 | AT25: 0 | AU25: 0 | AV25: 0 | AW25: 0 | AX25: 0 | AY25: 0 | AZ25: 0 | BA25: 0 | BB25: 0 | BC25: 0 | BD25: 0 | BE25: 0 | BF25: 0 | BG25: 0 | BH25: 0 | BI25: 0 | BJ25: 0 | BK25: 0 | BL25: 0 | BM25: 0 | BN25: 0 | BO25: 0 | BP25: 0 | BQ25: 0 | BR25: 0 | BS25: 0 | BT25: 0 | BU25: 0 | BV25: 0 | BW25: 0 | BX25: 0 | BY25: 0 | BZ25: 0 | CA25: 0 | CB25: 0 | CC25: 0 | CD25: 0 | CE25: 0 | CF25: 0 | CG25: 0 | CH25: 0 | CI25: 0 | CJ25: 0 | CK25: 0 | CL25: 0 | CM25: 0 | CN25: 0 | CO25: 0 | CP25: 0 | CQ25: 0 | CR25: 0 | CS25: 0 | CT25: 0 | CU25: 0 | CV25: 0 | CW25: 0 | CX25: 0 | CY25: 0 | CZ25: 0 | DA25: 0 | DB25: 0 | DC25: 0 | DD25: 0 | DE25: 0 | DF25: 0 | DG25: 0 | DH25: 0 | DI25: 0 | DJ25: 0 | DK25: 0 | DL25: 0 | DM25: 0 | DN25: 0 | DO25: 0 | DP25: 0 | DQ25: 0 | DR25: 0 | DS25: 0 | DT25: 0 | DU25: 0 | DV25: 0 | DW25: 0 | DX25: 0 | DY25: 0 | DZ25: 0
A26: NH TMCP Quốc tế VN (VIB) | B26: 0 | C26: 0 | D26: 0 | E26: 0 | F26: 0 | G26: 0 | H26: 0 | I26: 0 | J26: 0 | K26: 0 | L26: 0 | M26: 0 | N26: 0 | O26: 0 | P26: 0 | Q26: 0 | R26: 0 | S26: 0 | T26: 0 | U26: 0 | V26: 0 | W26: 0 | X26: 0 | Y26: 0 | AA26: 0 | AB26: 0 | AC26: 0 | AD26: 0 | AE26: 0 | AF26: 0 | AG26: 0 | AH26: 0 | AI26: 0 | AJ26: 0 | AK26: 0 | AL26: 0 | AM26: 0 | AN26: 0 | AO26: 0 | AP26: 0 | AQ26: 0 | AR26: 0 | AS26: 0 | AT26: 0 | AU26: 0 | AV26: 0 | AW26: 0 | AX26: 0 | AY26: 0 | AZ26: 0 | BA26: 0 | BB26: 0 | BC26: 0 | BD26: 0 | BE26: 0 | BF26: 0 | BG26: 0 | BH26: 0 | BI26: 0 | BJ26: 0 | BK26: 0 | BL26: 0 | BM26: 0 | BN26: 0 | BO26: 0 | BP26: 0 | BQ26: 0 | BR26: 0 | BS26: 0 | BT26: 0 | BU26: 0 | BV26: 0 | BW26: 0 | BX26: 0 | BY26: 0 | BZ26: 0 | CA26: 0 | CB26: 0 | CC26: 0 | CD26: 0 | CE26: 0 | CF26: 0 | CG26: 0 | CH26: 0 | CI26: 0 | CJ26: 0 | CK26: 0 | CL26: 0 | CM26: 0 | CN26: 0 | CO26: 0 | CP26: 0 | CQ26: 0 | CR26: 0 | CS26: 0 | CT26: 0 | CU26: 0 | CV26: 0 | CW26: 0 | CX26: 0 | CY26: 0 | CZ26: 0 | DA26: 0 | DB26: 0 | DC26: 0 | DD26: 0 | DE26: 0 | DF26: 0 | DG26: 0 | DH26: 0 | DI26: 0 | DJ26: 0 | DK26: 0 | DL26: 0 | DM26: 0 | DN26: 0 | DO26: 0 | DP26: 0 | DQ26: 0 | DR26: 0 | DS26: 0 | DT26: 0 | DU26: 0 | DV26: 0 | DW26: 0 | DX26: 0 | DY26: 0 | DZ26: 0
A27: NH TMCP Sài Gòn Thương Tín (Sacombank) | B27: 0 | C27: 0 | D27: 0 | E27: 0 | F27: 0 | G27: 0 | H27: 0 | I27: 0 | J27: 0 | K27: 0 | L27: 0 | M27: 0 | N27: 0 | O27: 0 | P27: 0 | Q27: 0 | R27: 0 | S27: 0 | T27: 0 | U27: 0 | V27: 0 | W27: 0 | X27: 0 | Y27: 0 | AA27: 0 | AB27: 0 | AC27: 0 | AD27: 0 | AE27: 0 | AF27: 0 | AG27: 0 | AH27: 0 | AI27: 0 | AJ27: 0 | AK27: 0 | AL27: 0 | AM27: 0 | AN27: 0 | AO27: 0 | AP27: 0 | AQ27: 0 | AR27: 0 | AS27: 0 | AT27: 0 | AU27: 0 | AV27: 0 | AW27: 0 | AX27: 0 | AY27: 0 | AZ27: 0 | BA27: 0 | BB27: 0 | BC27: 0 | BD27: 0 | BE27: 0 | BF27: 0 | BG27: 0 | BH27: 0 | BI27: 0 | BJ27: 0 | BK27: 0 | BL27: 0 | BM27: 0 | BN27: 0 | BO27: 0 | BP27: 0 | BQ27: 0 | BR27: 0 | BS27: 0 | BT27: 0 | BU27: 0 | BV27: 0 | BW27: 0 | BX27: 0 | BY27: 0 | BZ27: 0 | CA27: 0 | CB27: 0 | CC27: 0 | CD27: 0 | CE27: 0 | CF27: 0 | CG27: 0 | CH27: 0 | CI27: 0 | CJ27: 0 | CK27: 0 | CL27: 0 | CM27: 0 | CN27: 0 | CO27: 0 | CP27: 0 | CQ27: 0 | CR27: 0 | CS27: 0 | CT27: 0 | CU27: 0 | CV27: 0 | CW27: 0 | CX27: 0 | CY27: 0 | CZ27: 0 | DA27: 0 | DB27: 0 | DC27: 0 | DD27: 0 | DE27: 0 | DF27: 0 | DG27: 0 | DH27: 0 | DI27: 0 | DJ27: 0 | DK27: 0 | DL27: 0 | DM27: 0 | DN27: 0 | DO27: 0 | DP27: 0 | DQ27: 0 | DR27: 0 | DS27: 0 | DT27: 0 | DU27: 0 | DV27: 0 | DW27: 0 | DX27: 0 | DY27: 0 | DZ27: 0
A28: NH TMCP Sài Gòn - Hà Nội (SHB) | B28: 0 | C28: 0 | D28: 0 | E28: 0 | F28: 0 | G28: 0 | H28: 0 | I28: 0 | J28: 0 | K28: 0 | L28: 0 | M28: 0 | N28: 0 | O28: 0 | P28: 0 | Q28: 0 | R28: 0 | S28: 0 | T28: 0 | U28: 0 | V28: 0 | W28: 0 | X28: 0 | Y28: 0 | AA28: 0 | AB28: 0 | AC28: 0 | AD28: 0 | AE28: 0 | AF28: 0 | AG28: 0 | AH28: 0 | AI28: 0 | AJ28: 0 | AK28: 0 | AL28: 0 | AM28: 0 | AN28: 0 | AO28: 0 | AP28: 0 | AQ28: 0 | AR28: 0 | AS28: 0 | AT28: 0 | AU28: 0 | AV28: 0 | AW28: 0 | AX28: 0 | AY28: 0 | AZ28: 0 | BA28: 0 | BB28: 0 | BC28: 0 | BD28: 0 | BE28: 0 | BF28: 0 | BG28: 0 | BH28: 0 | BI28: 0 | BJ28: 0 | BK28: 0 | BL28: 0 | BM28: 0 | BN28: 0 | BO28: 0 | BP28: 0 | BQ28: 0 | BR28: 0 | BS28: 0 | BT28: 0 | BU28: 0 | BV28: 0 | BW28: 0 | BX28: 0 | BY28: 0 | BZ28: 0 | CA28: 0 | CB28: 0 | CC28: 0 | CD28: 0 | CE28: 0 | CF28: 0 | CG28: 0 | CH28: 0 | CI28: 0 | CJ28: 0 | CK28: 0 | CL28: 0 | CM28: 0 | CN28: 0 | CO28: 0 | CP28: 0 | CQ28: 0 | CR28: 0 | CS28: 0 | CT28: 0 | CU28: 0 | CV28: 0 | CW28: 0 | CX28: 0 | CY28: 0 | CZ28: 0 | DA28: 0 | DB28: 0 | DC28: 0 | DD28: 0 | DE28: 0 | DF28: 0 | DG28: 0 | DH28: 0 | DI28: 0 | DJ28: 0 | DK28: 0 | DL28: 0 | DM28: 0 | DN28: 0 | DO28: 0 | DP28: 0 | DQ28: 0 | DR28: 0 | DS28: 0 | DT28: 0 | DU28: 0 | DV28: 0 | DW28: 0 | DX28: 0 | DY28: 0 | DZ28: 0
A29: NH TMCP VN Thịnh Vượng (VPB) | B29: 0 | C29: 0 | D29: 0 | E29: 0 | F29: 0 | G29: 0 | H29: 0 | I29: 0 | J29: 0 | K29: 0 | L29: 0 | M29: 0 | N29: 0 | O29: 0 | P29: 0 | Q29: 0 | R29: 0 | S29: 0 | T29: 0 | U29: 0 | V29: 0 | W29: 0 | X29: 0 | Y29: 0 | AA29: 0 | AB29: 0 | AC29: 0 | AD29: 0 | AE29: 0 | AF29: 0 | AG29: 0 | AH29: 0 | AI29: 0 | AJ29: 0 | AK29: 0 | AL29: 0 | AM29: 0 | AN29: 0 | AO29: 0 | AP29: 0 | AQ29: 0 | AR29: 0 | AS29: 0 | AT29: 0 | AU29: 0 | AV29: 0 | AW29: 0 | AX29: 0 | AY29: 0 | AZ29: 0 | BA29: 0 | BB29: 0 | BC29: 0 | BD29: 0 | BE29: 0 | BF29: 0 | BG29: 0 | BH29: 0 | BI29: 0 | BJ29: 0 | BK29: 0 | BL29: 0 | BM29: 0 | BN29: 0 | BO29: 0 | BP29: 0 | BQ29: 0 | BR29: 0 | BS29: 0 | BT29: 0 | BU29: 0 | BV29: 0 | BW29: 0 | BX29: 0 | BY29: 0 | BZ29: 0 | CA29: 0 | CB29: 0 | CC29: 0 | CD29: 0 | CE29: 0 | CF29: 0 | CG29: 0 | CH29: 0 | CI29: 0 | CJ29: 0 | CK29: 0 | CL29: 0 | CM29: 0 | CN29: 0 | CO29: 0 | CP29: 0 | CQ29: 0 | CR29: 0 | CS29: 0 | CT29: 0 | CU29: 0 | CV29: 0 | CW29: 0 | CX29: 0 | CY29: 0 | CZ29: 0 | DA29: 0 | DB29: 0 | DC29: 0 | DD29: 0 | DE29: 0 | DF29: 0 | DG29: 0 | DH29: 0 | DI29: 0 | DJ29: 0 | DK29: 0 | DL29: 0 | DM29: 0 | DN29: 0 | DO29: 0 | DP29: 0 | DQ29: 0 | DR29: 0 | DS29: 0 | DT29: 0 | DU29: 0 | DV29: 0 | DW29: 0 | DX29: 0 | DY29: 0 | DZ29: 0
A30: NH TMCP Tiên Phong (TPB) | B30: 0 | C30: 0 | D30: 0 | E30: 0 | F30: 0 | G30: 0 | H30: 0 | I30: 0 | J30: 0 | K30: 0 | L30: 0 | M30: 0 | N30: 0 | O30: 0 | P30: 0 | Q30: 0 | R30: 0 | S30: 0 | T30: 0 | U30: 0 | V30: 0 | W30: 0 | X30: 0 | Y30: 0 | AA30: 0 | AB30: 0 | AC30: 0 | AD30: 0 | AE30: 0 | AF30: 0 | AG30: 0 | AH30: 0 | AI30: 0 | AJ30: 0 | AK30: 0 | AL30: 0 | AM30: 0 | AN30: 0 | AO30: 0 | AP30: 0 | AQ30: 0 | AR30: 0 | AS30: 0 | AT30: 0 | AU30: 0 | AV30: 0 | AW30: 0 | AX30: 0 | AY30: 0 | AZ30: 0 | BA30: 0 | BB30: 0 | BC30: 0 | BD30: 0 | BE30: 0 | BF30: 0 | BG30: 0 | BH30: 0 | BI30: 0 | BJ30: 0 | BK30: 0 | BL30: 0 | BM30: 0 | BN30: 0 | BO30: 0 | BP30: 0 | BQ30: 0 | BR30: 0 | BS30: 0 | BT30: 0 | BU30: 0 | BV30: 0 | BW30: 0 | BX30: 0 | BY30: 0 | BZ30: 0 | CA30: 0 | CB30: 0 | CC30: 0 | CD30: 0 | CE30: 0 | CF30: 0 | CG30: 0 | CH30: 0 | CI30: 0 | CJ30: 0 | CK30: 0 | CL30: 0 | CM30: 0 | CN30: 0 | CO30: 0 | CP30: 0 | CQ30: 0 | CR30: 0 | CS30: 0 | CT30: 0 | CU30: 0 | CV30: 0 | CW30: 0 | CX30: 0 | CY30: 0 | CZ30: 0 | DA30: 0 | DB30: 0 | DC30: 0 | DD30: 0 | DE30: 0 | DF30: 0 | DG30: 0 | DH30: 0 | DI30: 0 | DJ30: 0 | DK30: 0 | DL30: 0 | DM30: 0 | DN30: 0 | DO30: 0 | DP30: 0 | DQ30: 0 | DR30: 0 | DS30: 0 | DT30: 0 | DU30: 0 | DV30: 0 | DW30: 0 | DX30: 0 | DY30: 0 | DZ30: 0
A31: NH TMCP Ngoại thương VN (VCB) | B31: 0 | C31: 0 | D31: 0 | E31: 0 | F31: 0 | G31: 0 | H31: 0 | I31: 0 | J31: 0 | K31: 0 | L31: 0 | M31: 0 | N31: 0 | O31: 0 | P31: 0 | Q31: 0 | R31: 0 | S31: 0 | T31: 0 | U31: 0 | V31: 0 | W31: 0 | X31: 0 | Y31: 0 | AA31: 0 | AB31: 0 | AC31: 0 | AD31: 0 | AE31: 0 | AF31: 0 | AG31: 0 | AH31: 0 | AI31: 0 | AJ31: 0 | AK31: 0 | AL31: 0 | AM31: 0 | AN31: 0 | AO31: 0 | AP31: 0 | AQ31: 0 | AR31: 0 | AS31: 0 | AT31: 0 | AU31: 0 | AV31: 0 | AW31: 0 | AX31: 0 | AY31: 0 | AZ31: 0 | BA31: 0 | BB31: 0 | BC31: 0 | BD31: 0 | BE31: 0 | BF31: 0 | BG31: 0 | BH31: 0 | BI31: 0 | BJ31: 0 | BK31: 0 | BL31: 0 | BM31: 0 | BN31: 0 | BO31: 0 | BP31: 0 | BQ31: 0 | BR31: 0 | BS31: 0 | BT31: 0 | BU31: 0 | BV31: 0 | BW31: 0 | BX31: 0 | BY31: 0 | BZ31: 0 | CA31: 0 | CB31: 0 | CC31: 0 | CD31: 0 | CE31: 0 | CF31: 0 | CG31: 0 | CH31: 0 | CI31: 0 | CJ31: 0 | CK31: 0 | CL31: 0 | CM31: 0 | CN31: 0 | CO31: 0 | CP31: 0 | CQ31: 0 | CR31: 0 | CS31: 0 | CT31: 0 | CU31: 0 | CV31: 0 | CW31: 0 | CX31: 0 | CY31: 0 | CZ31: 0 | DA31: 0 | DB31: 0 | DC31: 0 | DD31: 0 | DE31: 0 | DF31: 0 | DG31: 0 | DH31: 0 | DI31: 0 | DJ31: 0 | DK31: 0 | DL31: 0 | DM31: 0 | DN31: 0 | DO31: 0 | DP31: 0 | DQ31: 0 | DR31: 0 | DS31: 0 | DT31: 0 | DU31: 0 | DV31: 0 | DW31: 0 | DX31: 0 | DY31: 0 | DZ31: 0
A32: NH TMCP Việt Á | B32: 0 | C32: 0 | D32: 0 | E32: 0 | F32: 0 | G32: 0 | H32: 0 | I32: 0 | J32: 0 | K32: 0 | L32: 0 | M32: 0 | N32: 0 | O32: 0 | P32: 0 | Q32: 0 | R32: 0 | S32: 0 | T32: 0 | U32: 0 | V32: 0 | W32: 0 | X32: 0 | Y32: 0 | AA32: 0 | AB32: 0 | AC32: 0 | AD32: 0 | AE32: 0 | AF32: 0 | AG32: 0 | AH32: 0 | AI32: 0 | AJ32: 0 | AK32: 0 | AL32: 0 | AM32: 0 | AN32: 0 | AO32: 0 | AP32: 0 | AQ32: 0 | AR32: 0 | AS32: 0 | AT32: 0 | AU32: 0 | AV32: 0 | AW32: 0 | AX32: 0 | AY32: 0 | AZ32: 0 | BA32: 0 | BB32: 0 | BC32: 0 | BD32: 0 | BE32: 0 | BF32: 0 | BG32: 0 | BH32: 0 | BI32: 0 | BJ32: 0 | BK32: 0 | BL32: 0 | BM32: 0 | BN32: 0 | BO32: 0 | BP32: 0 | BQ32: 0 | BR32: 0 | BS32: 0 | BT32: 0 | BU32: 0 | BV32: 0 | BW32: 0 | BX32: 0 | BY32: 0 | BZ32: 0 | CA32: 0 | CB32: 0 | CC32: 0 | CD32: 0 | CE32: 0 | CF32: 0 | CG32: 0 | CH32: 0 | CI32: 0 | CJ32: 0 | CK32: 0 | CL32: 0 | CM32: 0 | CN32: 0 | CO32: 0 | CP32: 0 | CQ32: 0 | CR32: 0 | CS32: 0 | CT32: 0 | CU32: 0 | CV32: 0 | CW32: 0 | CX32: 0 | CY32: 0 | CZ32: 0 | DA32: 0 | DB32: 0 | DC32: 0 | DD32: 0 | DE32: 0 | DF32: 0 | DG32: 0 | DH32: 0 | DI32: 0 | DJ32: 0 | DK32: 0 | DL32: 0 | DM32: 0 | DN32: 0 | DO32: 0 | DP32: 0 | DQ32: 0 | DR32: 0 | DS32: 0 | DT32: 0 | DU32: 0 | DV32: 0 | DW32: 0 | DX32: 0 | DY32: 0 | DZ32: 0
A33: NH TMCP Việt Nam Thương Tín | B33: 0 | C33: 0 | D33: 0 | E33: 0 | F33: 0 | G33: 0 | H33: 0 | I33: 0 | J33: 0 | K33: 0 | L33: 0 | M33: 0 | N33: 0 | O33: 0 | P33: 0 | Q33: 0 | R33: 0 | S33: 0 | T33: 0 | U33: 0 | V33: 0 | W33: 0 | X33: 0 | Y33: 0 | AA33: 0 | AB33: 0 | AC33: 0 | AD33: 0 | AE33: 0 | AF33: 0 | AG33: 0 | AH33: 0 | AI33: 0 | AJ33: 0 | AK33: 0 | AL33: 0 | AM33: 0 | AN33: 0 | AO33: 0 | AP33: 0 | AQ33: 0 | AR33: 0 | AS33: 0 | AT33: 0 | AU33: 0 | AV33: 0 | AW33: 0 | AX33: 0 | AY33: 0 | AZ33: 0 | BA33: 0 | BB33: 0 | BC33: 0 | BD33: 0 | BE33: 0 | BF33: 0 | BG33: 0 | BH33: 0 | BI33: 0 | BJ33: 0 | BK33: 0 | BL33: 0 | BM33: 0 | BN33: 0 | BO33: 0 | BP33: 0 | BQ33: 0 | BR33: 0 | BS33: 0 | BT33: 0 | BU33: 0 | BV33: 0 | BW33: 0 | BX33: 0 | BY33: 0 | BZ33: 0 | CA33: 0 | CB33: 0 | CC33: 0 | CD33: 0 | CE33: 0 | CF33: 0 | CG33: 0 | CH33: 0 | CI33: 0 | CJ33: 0 | CK33: 0 | CL33: 0 | CM33: 0 | CN33: 0 | CO33: 0 | CP33: 0 | CQ33: 0 | CR33: 0 | CS33: 0 | CT33: 0 | CU33: 0 | CV33: 0 | CW33: 0 | CX33: 0 | CY33: 0 | CZ33: 0 | DA33: 0 | DB33: 0 | DC33: 0 | DD33: 0 | DE33: 0 | DF33: 0 | DG33: 0 | DH33: 0 | DI33: 0 | DJ33: 0 | DK33: 0 | DL33: 0 | DM33: 0 | DN33: 0 | DO33: 0 | DP33: 0 | DQ33: 0 | DR33: 0 | DS33: 0 | DT33: 0 | DU33: 0 | DV33: 0 | DW33: 0 | DX33: 0 | DY33: 0 | DZ33: 0
A34: NH TMCP Công thương VN (Vietinbank) | B34: 0 | C34: 0 | D34: 0 | E34: 0 | F34: 0 | G34: 0 | H34: 0 | I34: 0 | J34: 0 | K34: 0 | L34: 0 | M34: 0 | N34: 0 | O34: 0 | P34: 0 | Q34: 0 | R34: 0 | S34: 0 | T34: 0 | U34: 0 | V34: 0 | W34: 0 | X34: 0 | Y34: 0 | AA34: 0 | AB34: 0 | AC34: 0 | AD34: 0 | AE34: 0 | AF34: 0 | AG34: 0 | AH34: 0 | AI34: 0 | AJ34: 0 | AK34: 0 | AL34: 0 | AM34: 0 | AN34: 0 | AO34: 0 | AP34: 0 | AQ34: 0 | AR34: 0 | AS34: 0 | AT34: 0 | AU34: 0 | AV34: 0 | AW34: 0 | AX34: 0 | AY34: 0 | AZ34: 0 | BA34: 0 | BB34: 0 | BC34: 0 | BD34: 0 | BE34: 0 | BF34: 0 | BG34: 0 | BH34: 0 | BI34: 0 | BJ34: 0 | BK34: 0 | BL34: 0 | BM34: 0 | BN34: 0 | BO34: 0 | BP34: 0 | BQ34: 0 | BR34: 0 | BS34: 0 | BT34: 0 | BU34: 0 | BV34: 0 | BW34: 0 | BX34: 0 | BY34: 0 | BZ34: 0 | CA34: 0 | CB34: 0 | CC34: 0 | CD34: 0 | CE34: 0 | CF34: 0 | CG34: 0 | CH34: 0 | CI34: 0 | CJ34: 0 | CK34: 0 | CL34: 0 | CM34: 0 | CN34: 0 | CO34: 0 | CP34: 0 | CQ34: 0 | CR34: 0 | CS34: 0 | CT34: 0 | CU34: 0 | CV34: 0 | CW34: 0 | CX34: 0 | CY34: 0 | CZ34: 0 | DA34: 0 | DB34: 0 | DC34: 0 | DD34: 0 | DE34: 0 | DF34: 0 | DG34: 0 | DH34: 0 | DI34: 0 | DJ34: 0 | DK34: 0 | DL34: 0 | DM34: 0 | DN34: 0 | DO34: 0 | DP34: 0 | DQ34: 0 | DR34: 0 | DS34: 0 | DT34: 0 | DU34: 0 | DV34: 0 | DW34: 0 | DX34: 0 | DY34: 0 | DZ34: 0
A35: BaoViet Bank | B35: 0 | C35: 0 | D35: 0 | E35: 0 | F35: 0 | G35: 0 | H35: 0 | I35: 0 | J35: 0 | K35: 0 | L35: 0 | M35: 0 | N35: 0 | O35: 0 | P35: 0 | Q35: 0 | R35: 0 | S35: 0 | T35: 0 | U35: 0 | V35: 0 | W35: 0 | X35: 0 | Y35: 0 | AA35: 0 | AB35: 0 | AC35: 0 | AD35: 0 | AE35: 0 | AF35: 0 | AG35: 0 | AH35: 0 | AI35: 0 | AJ35: 0 | AK35: 0 | AL35: 0 | AM35: 0 | AN35: 0 | AO35: 0 | AP35: 0 | AQ35: 0 | AR35: 0 | AS35: 0 | AT35: 0 | AU35: 0 | AV35: 0 | AW35: 0 | AX35: 0 | AY35: 0 | AZ35: 0 | BA35: 0 | BB35: 0 | BC35: 0 | BD35: 0 | BE35: 0 | BF35: 0 | BG35: 0 | BH35: 0 | BI35: 0 | BJ35: 0 | BK35: 0 | BL35: 0 | BM35: 0 | BN35: 0 | BO35: 0 | BP35: 0 | BQ35: 0 | BR35: 0 | BS35: 0 | BT35: 0 | BU35: 0 | BV35: 0 | BW35: 0 | BX35: 0 | BY35: 0 | BZ35: 0 | CA35: 0 | CB35: 0 | CC35: 0 | CD35: 0 | CE35: 0 | CF35: 0 | CG35: 0 | CH35: 0 | CI35: 0 | CJ35: 0 | CK35: 0 | CL35: 0 | CM35: 0 | CN35: 0 | CO35: 0 | CP35: 0 | CQ35: 0 | CR35: 0 | CS35: 0 | CT35: 0 | CU35: 0 | CV35: 0 | CW35: 0 | CX35: 0 | CY35: 0 | CZ35: 0 | DA35: 0 | DB35: 0 | DC35: 0 | DD35: 0 | DE35: 0 | DF35: 0 | DG35: 0 | DH35: 0 | DI35: 0 | DJ35: 0 | DK35: 0 | DL35: 0 | DM35: 0 | DN35: 0 | DO35: 0 | DP35: 0 | DQ35: 0 | DR35: 0 | DS35: 0 | DT35: 0 | DU35: 0 | DV35: 0 | DW35: 0 | DX35: 0 | DY35: 0 | DZ35: 0
A36: Tổng | B36: =SUM(B3:B35) -> 0 | C36: =SUM(C3:C35) -> 0 | D36: =SUM(D3:D35) -> 0 | E36: =SUM(E3:E35) -> 0 | F36: =SUM(F3:F35) -> 0 | G36: =SUM(G3:G35) -> 0 | H36: =SUM(H3:H35) -> 100 | I36: =SUM(I3:I35) -> 0 | ... DZ36: =SUM(DZ3:DZ35) -> 0
